[Licensing::Module] Trying to connect to existing licensing client channel...
Built from '6000.3/staging' branch; Version is '6000.3.9f1 (7a9955a4f2fa) revision 8034645'; Using compiler version '194234433'; Build Type 'Release'
OS: 'Windows 11  (10.0.26200) Core' Language: 'en' Physical Memory: 32426 MB
[Licensing::IpcConnector] Successfully connected to: "LicenseClient-Omola" at "2026-05-13T01:42:00.2504276Z"
BatchMode: 1, IsHumanControllingUs: 0, StartBugReporterOnCrash: 0, Is64bit: 1
System  architecture: x64
Process architecture: x64
Date: 2026-05-13T01:42:00Z

COMMAND LINE ARGUMENTS:
C:\Program Files\Unity\Hub\Editor\6000.3.9f1\Editor\Unity.exe
-adb2
-batchMode
-noUpm
-name
AssetImportWorker12
-projectPath
C:/Users/Omola/Documents/GitHub/PROJECTFISH
-logFile
Logs/AssetImportWorker12.log
-srvPort
64332
-licensingIpc
LicenseClient-Omola
-job-worker-count
7
-background-job-worker-count
8
-gc-helper-count
1
-name
AssetImport
Successfully changed project path to: C:/Users/Omola/Documents/GitHub/PROJECTFISH
C:/Users/Omola/Documents/GitHub/PROJECTFISH
[UnityMemory] Configuration Parameters - Can be set up in boot.config
    "memorysetup-temp-allocator-size-nav-mesh-worker=65536"
    "memorysetup-temp-allocator-size-audio-worker=65536"
    "memorysetup-temp-allocator-size-gfx=262144"
    "memorysetup-allocator-temp-initial-block-size-main=262144"
    "memorysetup-allocator-temp-initial-block-size-worker=262144"
    "memorysetup-temp-allocator-size-background-worker=32768"
    "memorysetup-temp-allocator-size-job-worker=262144"
    "memorysetup-temp-allocator-size-preload-manager=33554432"
    "memorysetup-temp-allocator-size-gi-baking-worker=262144"
    "memorysetup-temp-allocator-size-gi-baking-worker=262144"
    "memorysetup-temp-allocator-size-gi-baking-worker=262144"
    "memorysetup-temp-allocator-size-gi-baking-worker=262144"
    "memorysetup-temp-allocator-size-gi-baking-worker=262144"
    "memorysetup-bucket-allocator-granularity=16"
    "memorysetup-bucket-allocator-bucket-count=8"
    "memorysetup-bucket-allocator-block-size=33554432"
    "memorysetup-bucket-allocator-block-count=8"
    "memorysetup-main-allocator-block-size=16777216"
    "memorysetup-thread-allocator-block-size=16777216"
    "memorysetup-gfx-main-allocator-block-size=16777216"
    "memorysetup-gfx-thread-allocator-block-size=16777216"
    "memorysetup-cache-allocator-block-size=4194304"
    "memorysetup-typetree-allocator-block-size=2097152"
    "memorysetup-profiler-bucket-allocator-granularity=16"
    "memorysetup-profiler-bucket-allocator-bucket-count=8"
    "memorysetup-profiler-bucket-allocator-block-size=33554432"
    "memorysetup-profiler-bucket-allocator-block-count=8"
    "memorysetup-profiler-allocator-block-size=16777216"
    "memorysetup-profiler-editor-allocator-block-size=1048576"
    "memorysetup-temp-allocator-size-main=16777216"
    "memorysetup-job-temp-allocator-block-size=2097152"
    "memorysetup-job-temp-allocator-block-size-background=1048576"
    "memorysetup-job-temp-allocator-reduction-small-platforms=262144"
    "memorysetup-temp-allocator-size-cloud-worker=32768"
Player connection [36424]  Target information:

Player connection [36424]  * "[IP] 10.5.0.2 [Port] 0 [Flags] 2 [Guid] 2141464098 [EditorId] 2141464098 [Version] 1048832 [Id] WindowsEditor(7,LINK) [Debug] 1 [PackageName] WindowsEditor [ProjectName] Editor" 

Player connection [36424]  * "[IP] 172.20.10.14 [Port] 0 [Flags] 2 [Guid] 2141464098 [EditorId] 2141464098 [Version] 1048832 [Id] WindowsEditor(7,LINK) [Debug] 1 [PackageName] WindowsEditor [ProjectName] Editor" 

Player connection [36424] Host joined multi-casting on [225.0.0.222:54997]...
Player connection [36424] Host joined alternative multi-casting on [225.0.0.222:34997]...
JobSystem: Creating JobQueue using job-worker-count value 7
Input System module state changed to: Initialized.
[Physics::Module] Initialized fallback backend.
[Physics::Module] Id: 0xdecafbad
Library Redirect Path: Library/
[Physics::Module] Selected backend.
[Physics::Module] Name: PhysX
[Physics::Module] Id: 0xf2b8ea05
[Physics::Module] SDK Version: 4.1.2
[Physics::Module] Integration Version: 1.0.0
[Physics::Module] Threading Mode: Multi-Threaded
Refreshing native plugins compatible for Editor in 3.64 ms, found 3 plugins.
Preloading 0 native plugins for Editor in 0.00 ms.
Initialize engine version: 6000.3.9f1 (7a9955a4f2fa)
[Subsystems] Discovering subsystems at path C:/Program Files/Unity/Hub/Editor/6000.3.9f1/Editor/Data/Resources/UnitySubsystems
[Subsystems] Discovering subsystems at path C:/Users/Omola/Documents/GitHub/PROJECTFISH/Assets
GfxDevice: creating device client; kGfxThreadingModeNonThreaded
Direct3D:
    Version:  Direct3D 11.0 [level 11.1]
    Renderer: NVIDIA GeForce RTX 5060 Ti (ID=0x2d04)
    Vendor:   NVIDIA
    VRAM:     15962 MB
    Driver:   32.0.15.8195
Initialize mono
Mono path[0] = 'C:/Program Files/Unity/Hub/Editor/6000.3.9f1/Editor/Data/Managed'
Mono path[1] = 'C:/Program Files/Unity/Hub/Editor/6000.3.9f1/Editor/Data/MonoBleedingEdge/lib/mono/unityjit-win32'
Mono config path = 'C:/Program Files/Unity/Hub/Editor/6000.3.9f1/Editor/Data/MonoBleedingEdge/etc'
Using monoOptions --debugger-agent=transport=dt_socket,embedding=1,server=y,suspend=n,address=127.0.0.1:56620
Begin MonoManager ReloadAssembly
Registering precompiled unity dll's ...
Register platform support module: C:/Program Files/Unity/Hub/Editor/6000.3.9f1/Editor/Data/PlaybackEngines/MacStandaloneSupport/UnityEditor.OSXStandalone.Extensions.dll
Register platform support module: C:/Program Files/Unity/Hub/Editor/6000.3.9f1/Editor/Data/PlaybackEngines/WindowsStandaloneSupport/UnityEditor.WindowsStandalone.Extensions.dll
Registered in 0.004746 seconds.
- Loaded All Assemblies, in  0.376 seconds
Native extension for WindowsStandalone target not found
Native extension for OSXStandalone target not found
ScheduleIndexationOnStartup MainProcess:False IndexOnStartup:True
Mono: successfully reloaded assembly
- Finished resetting the current domain, in  0.331 seconds
Domain Reload Profiling: 698ms
	BeginReloadAssembly (133ms)
		ExecutionOrderSort (0ms)
		DisableScriptedObjects (0ms)
		BackupInstance (0ms)
		ReleaseScriptingObjects (0ms)
		CreateAndSetChildDomain (1ms)
	RebuildCommonClasses (30ms)
	RebuildNativeTypeToScriptingClass (10ms)
	initialDomainReloadingComplete (57ms)
	LoadAllAssembliesAndSetupDomain (137ms)
		LoadAssemblies (125ms)
		RebuildTransferFunctionScriptingTraits (0ms)
		AnalyzeDomain (134ms)
			TypeCache.Refresh (132ms)
				TypeCache.ScanAssembly (121ms)
			BuildScriptInfoCaches (0ms)
			ResolveRequiredComponents (0ms)
	FinalizeReload (331ms)
		ReleaseScriptCaches (0ms)
		RebuildScriptCaches (0ms)
		SetupLoadedEditorAssemblies (296ms)
			LogAssemblyErrors (0ms)
			InitializePlatformSupportModulesInManaged (42ms)
			SetLoadedEditorAssemblies (3ms)
			BeforeProcessingInitializeOnLoad (63ms)
			ProcessInitializeOnLoadAttributes (124ms)
			ProcessInitializeOnLoadMethodAttributes (64ms)
			AfterProcessingInitializeOnLoad (0ms)
			EditorAssembliesLoaded (0ms)
		ExecutionOrderSort2 (0ms)
		AwakeInstancesAfterBackupRestoration (0ms)
Assembly reference Packages/com.unity.cinemachine/Editor/Samples/ExposeHDRPInternals/HDRP-Editor-ref.asmref has no target assembly definition
========================================================================
Worker process is ready to serve import requests
Import Worker Mode flag is 0x00
Assembly reference Packages/com.unity.cinemachine/Editor/Samples/ExposeHDRPInternals/HDRP-Editor-ref.asmref has no target assembly definition
Assembly reference Packages/com.unity.cinemachine/Editor/Samples/ExposeHDRPInternals/HDRP-Editor-ref.asmref has no target assembly definition
Begin MonoManager ReloadAssembly
[Licensing::Module] Licensing is not yet initialized.
[Licensing::Client] Handshaking with LicensingClient:
  Version:                 1.17.4+4293ba1
  Session Id:              5c53a6ce1e1f4acc913b7bf0cf1e444f
  Correlation Id:          4144148266400a7e727affa603d21bd5
  External correlation Id: 2985268703110370190
  Machine Id:              Vt39me9IhWDxxx0Srn0x/ASpSWo=
[Licensing::Module] Successfully connected to LicensingClient on channel: "LicenseClient-Omola" (connect: 0.00s, validation: 0.00s, handshake: 1.60s)
[Licensing::IpcConnector] Successfully connected to: "LicenseClient-Omola-notifications" at "2026-05-13T01:42:01.8529592Z"
[Licensing::Module] Licensing Background thread has ended after 1.60s
[Licensing::Module] Licensing is initialized (took 0.06s).
[Licensing::Client] Successfully resolved entitlement details
[Licensing::Module] License group:
  Id: 2475878297269-UnityPersXXXX
  Product: Unity Personal
  Type: Assigned
  Expiration: Unlimited
- Loaded All Assemblies, in  0.749 seconds
Assembly reference Packages/com.unity.cinemachine/Editor/Samples/ExposeHDRPInternals/HDRP-Editor-ref.asmref has no target assembly definition
'Packages/com.unity.cinemachine/Editor/Obsolete/CinemachineVirtualCameraBaseEditor.cs' contains partial class of Unity.Object, exactly 1 of the partial classes needs to be in a file with the same filename. This is to know the one that can be referenced from ie. GameObjects
'Packages/com.unity.cinemachine/Editor/Editors/CinemachineVirtualCameraBaseEditor.cs' contains partial class of Unity.Object, exactly 1 of the partial classes needs to be in a file with the same filename. This is to know the one that can be referenced from ie. GameObjects
Refreshing native plugins compatible for Editor in 1.77 ms, found 3 plugins.
Native extension for WindowsStandalone target not found
Native extension for OSXStandalone target not found
Assembly reference Packages/com.unity.cinemachine/Editor/Samples/ExposeHDRPInternals/HDRP-Editor-ref.asmref has no target assembly definition
Package Manager log level set to [2]
[Package Manager] Failed to launch server process. Reason: Unity was launched with the -noUpm command-line argument
[Package Manager] Unable to send message (not connected to server process).
[Package Manager] Cannot connect to Unity Package Manager local server
[Package Manager] Failed to launch server process. Reason: Unity was launched with the -noUpm command-line argument
[Package Manager] Unable to send message (not connected to server process).
[Package Manager] Cannot connect to Unity Package Manager local server
ScheduleIndexationOnStartup MainProcess:False IndexOnStartup:True
Mono: successfully reloaded assembly
- Finished resetting the current domain, in  0.533 seconds
Domain Reload Profiling: 1269ms
	BeginReloadAssembly (235ms)
		ExecutionOrderSort (0ms)
		DisableScriptedObjects (4ms)
		BackupInstance (0ms)
		ReleaseScriptingObjects (0ms)
		CreateAndSetChildDomain (30ms)
	RebuildCommonClasses (30ms)
	RebuildNativeTypeToScriptingClass (10ms)
	initialDomainReloadingComplete (46ms)
	LoadAllAssembliesAndSetupDomain (415ms)
		LoadAssemblies (356ms)
		RebuildTransferFunctionScriptingTraits (0ms)
		AnalyzeDomain (158ms)
			TypeCache.Refresh (119ms)
				TypeCache.ScanAssembly (109ms)
			BuildScriptInfoCaches (32ms)
			ResolveRequiredComponents (4ms)
	FinalizeReload (533ms)
		ReleaseScriptCaches (0ms)
		RebuildScriptCaches (0ms)
		SetupLoadedEditorAssemblies (443ms)
			LogAssemblyErrors (0ms)
			InitializePlatformSupportModulesInManaged (3ms)
			SetLoadedEditorAssemblies (4ms)
			BeforeProcessingInitializeOnLoad (123ms)
			ProcessInitializeOnLoadAttributes (257ms)
			ProcessInitializeOnLoadMethodAttributes (32ms)
			AfterProcessingInitializeOnLoad (24ms)
			EditorAssembliesLoaded (0ms)
		ExecutionOrderSort2 (0ms)
		AwakeInstancesAfterBackupRestoration (5ms)
Launched and connected shader compiler UnityShaderCompiler.exe after 0.01 seconds
Refreshing native plugins compatible for Editor in 2.49 ms, found 3 plugins.
Preloading 0 native plugins for Editor in 0.00 ms.
Unloading 1 Unused Serialized files (Serialized files now loaded: 0)
Unloading 4501 unused Assets / (1.3 MB). Loaded Objects now: 5110.
Memory consumption went from 100.0 MB to 98.7 MB.
Total: 6.522300 ms (FindLiveObjects: 0.433100 ms CreateObjectMapping: 0.145600 ms MarkObjects: 4.776300 ms  DeleteObjects: 1.166500 ms)

========================================================================
Received Import Request.
  Time since last request: 36537.444745 seconds.
  path: Assets/MAIN STUFF/3D MODELS/MCmodelTXT@Crouched Walking (1).fbx
  artifactKey: Guid(539eae6d7709d784187b4b084280970b) Importer(815301076,1909f56bfc062723c751e8b465ee728b)
Start importing Assets/MAIN STUFF/3D MODELS/MCmodelTXT@Crouched Walking (1).fbx using Guid(539eae6d7709d784187b4b084280970b) Importer(815301076,1909f56bfc062723c751e8b465ee728b) (PreviewImporter) -> (artifact id: 'a1f126e0c031b5c709b4be12515ecc89') in 0.2793389 seconds
Number of updated asset objects reloaded before import = 0Number of asset objects unloaded after import = 118

========================================================================
Received Import Request.
  Time since last request: 85.801590 seconds.
  path: Assets/MAIN STUFF/3D MODELS/MCANIM.controller
  artifactKey: Guid(50cb3c4c2429f594fb3a3bb066ad9bff) Importer(815301076,1909f56bfc062723c751e8b465ee728b)
Start importing Assets/MAIN STUFF/3D MODELS/MCANIM.controller using Guid(50cb3c4c2429f594fb3a3bb066ad9bff) Importer(815301076,1909f56bfc062723c751e8b465ee728b) (PreviewImporter) -> (artifact id: '9f176fb38d3408406d678f583d27adb6') in 0.0041227 seconds
Number of updated asset objects reloaded before import = 0Number of asset objects unloaded after import = 12

========================================================================
Received Prepare
Assembly reference Packages/com.unity.cinemachine/Editor/Samples/ExposeHDRPInternals/HDRP-Editor-ref.asmref has no target assembly definition
Assembly reference Packages/com.unity.cinemachine/Editor/Samples/ExposeHDRPInternals/HDRP-Editor-ref.asmref has no target assembly definition
Begin MonoManager ReloadAssembly
[Licensing::Client] Successfully resolved entitlement details
- Loaded All Assemblies, in  0.777 seconds
Assembly reference Packages/com.unity.cinemachine/Editor/Samples/ExposeHDRPInternals/HDRP-Editor-ref.asmref has no target assembly definition
'Packages/com.unity.cinemachine/Editor/Obsolete/CinemachineVirtualCameraBaseEditor.cs' contains partial class of Unity.Object, exactly 1 of the partial classes needs to be in a file with the same filename. This is to know the one that can be referenced from ie. GameObjects
'Packages/com.unity.cinemachine/Editor/Editors/CinemachineVirtualCameraBaseEditor.cs' contains partial class of Unity.Object, exactly 1 of the partial classes needs to be in a file with the same filename. This is to know the one that can be referenced from ie. GameObjects
Refreshing native plugins compatible for Editor in 1.96 ms, found 3 plugins.
Native extension for WindowsStandalone target not found
Native extension for OSXStandalone target not found
Assembly reference Packages/com.unity.cinemachine/Editor/Samples/ExposeHDRPInternals/HDRP-Editor-ref.asmref has no target assembly definition
[Package Manager] Failed to launch server process. Reason: Unity was launched with the -noUpm command-line argument
[Package Manager] Unable to send message (not connected to server process).
[Package Manager] Cannot connect to Unity Package Manager local server
[Package Manager] Failed to launch server process. Reason: Unity was launched with the -noUpm command-line argument
[Package Manager] Unable to send message (not connected to server process).
[Package Manager] Cannot connect to Unity Package Manager local server
ScheduleIndexationOnStartup MainProcess:False IndexOnStartup:True
Mono: successfully reloaded assembly
- Finished resetting the current domain, in  0.611 seconds
Domain Reload Profiling: 1372ms
	BeginReloadAssembly (234ms)
		ExecutionOrderSort (0ms)
		DisableScriptedObjects (3ms)
		BackupInstance (0ms)
		ReleaseScriptingObjects (0ms)
		CreateAndSetChildDomain (45ms)
	RebuildCommonClasses (34ms)
	RebuildNativeTypeToScriptingClass (10ms)
	initialDomainReloadingComplete (50ms)
	LoadAllAssembliesAndSetupDomain (434ms)
		LoadAssemblies (418ms)
		RebuildTransferFunctionScriptingTraits (0ms)
		AnalyzeDomain (144ms)
			TypeCache.Refresh (4ms)
				TypeCache.ScanAssembly (0ms)
			BuildScriptInfoCaches (132ms)
			ResolveRequiredComponents (5ms)
	FinalizeReload (611ms)
		ReleaseScriptCaches (0ms)
		RebuildScriptCaches (0ms)
		SetupLoadedEditorAssemblies (505ms)
			LogAssemblyErrors (0ms)
			InitializePlatformSupportModulesInManaged (3ms)
			SetLoadedEditorAssemblies (5ms)
			BeforeProcessingInitializeOnLoad (164ms)
			ProcessInitializeOnLoadAttributes (263ms)
			ProcessInitializeOnLoadMethodAttributes (32ms)
			AfterProcessingInitializeOnLoad (38ms)
			EditorAssembliesLoaded (0ms)
		ExecutionOrderSort2 (0ms)
		AwakeInstancesAfterBackupRestoration (5ms)
Refreshing native plugins compatible for Editor in 2.89 ms, found 3 plugins.
Preloading 0 native plugins for Editor in 0.00 ms.
Unloading 1 Unused Serialized files (Serialized files now loaded: 0)
Unloading 4499 unused Assets / (1.3 MB). Loaded Objects now: 5158.
Memory consumption went from 108.2 MB to 107.0 MB.
Total: 7.220100 ms (FindLiveObjects: 0.456000 ms CreateObjectMapping: 0.564400 ms MarkObjects: 5.011300 ms  DeleteObjects: 1.187200 ms)

Prepare: number of updated asset objects reloaded= 0
========================================================================
Received Import Request.
  Time since last request: 597.467022 seconds.
  path: Assets/MAIN STUFF/3D MODELS/MCmodelTXT@Crouching Idle (1).fbx
  artifactKey: Guid(858dd169d2382a744bd73ac01cbb2d3e) Importer(815301076,1909f56bfc062723c751e8b465ee728b)
Start importing Assets/MAIN STUFF/3D MODELS/MCmodelTXT@Crouching Idle (1).fbx using Guid(858dd169d2382a744bd73ac01cbb2d3e) Importer(815301076,1909f56bfc062723c751e8b465ee728b) (PreviewImporter) -> (artifact id: 'fbe076bee7a0e0857dfb60f574278ae6') in 0.1706709 seconds
Number of updated asset objects reloaded before import = 0Number of asset objects unloaded after import = 120

========================================================================
Received Import Request.
  Time since last request: 4.786173 seconds.
  path: Assets/MAIN STUFF/3D MODELS/MCmodelTXT@Crouched Walking (1).fbx
  artifactKey: Guid(539eae6d7709d784187b4b084280970b) Importer(815301076,1909f56bfc062723c751e8b465ee728b)
Start importing Assets/MAIN STUFF/3D MODELS/MCmodelTXT@Crouched Walking (1).fbx using Guid(539eae6d7709d784187b4b084280970b) Importer(815301076,1909f56bfc062723c751e8b465ee728b) (PreviewImporter) -> (artifact id: 'ea0dae0836ddc693da7d6a7cd468efd8') in 0.0933226 seconds
Number of updated asset objects reloaded before import = 0Number of asset objects unloaded after import = 120

========================================================================
Received Prepare
Assembly reference Packages/com.unity.cinemachine/Editor/Samples/ExposeHDRPInternals/HDRP-Editor-ref.asmref has no target assembly definition
Assembly reference Packages/com.unity.cinemachine/Editor/Samples/ExposeHDRPInternals/HDRP-Editor-ref.asmref has no target assembly definition
Begin MonoManager ReloadAssembly
[Licensing::Client] Successfully resolved entitlement details
- Loaded All Assemblies, in  0.830 seconds
Assembly reference Packages/com.unity.cinemachine/Editor/Samples/ExposeHDRPInternals/HDRP-Editor-ref.asmref has no target assembly definition
'Packages/com.unity.cinemachine/Editor/Obsolete/CinemachineVirtualCameraBaseEditor.cs' contains partial class of Unity.Object, exactly 1 of the partial classes needs to be in a file with the same filename. This is to know the one that can be referenced from ie. GameObjects
'Packages/com.unity.cinemachine/Editor/Editors/CinemachineVirtualCameraBaseEditor.cs' contains partial class of Unity.Object, exactly 1 of the partial classes needs to be in a file with the same filename. This is to know the one that can be referenced from ie. GameObjects
Refreshing native plugins compatible for Editor in 1.81 ms, found 3 plugins.
Native extension for WindowsStandalone target not found
Native extension for OSXStandalone target not found
Assembly reference Packages/com.unity.cinemachine/Editor/Samples/ExposeHDRPInternals/HDRP-Editor-ref.asmref has no target assembly definition
[Package Manager] Failed to launch server process. Reason: Unity was launched with the -noUpm command-line argument
[Package Manager] Unable to send message (not connected to server process).
[Package Manager] Cannot connect to Unity Package Manager local server
[Package Manager] Failed to launch server process. Reason: Unity was launched with the -noUpm command-line argument
[Package Manager] Unable to send message (not connected to server process).
[Package Manager] Cannot connect to Unity Package Manager local server
ScheduleIndexationOnStartup MainProcess:False IndexOnStartup:True
Mono: successfully reloaded assembly
- Finished resetting the current domain, in  0.613 seconds
Domain Reload Profiling: 1423ms
	BeginReloadAssembly (248ms)
		ExecutionOrderSort (0ms)
		DisableScriptedObjects (4ms)
		BackupInstance (0ms)
		ReleaseScriptingObjects (0ms)
		CreateAndSetChildDomain (46ms)
	RebuildCommonClasses (33ms)
	RebuildNativeTypeToScriptingClass (13ms)
	initialDomainReloadingComplete (54ms)
	LoadAllAssembliesAndSetupDomain (462ms)
		LoadAssemblies (455ms)
		RebuildTransferFunctionScriptingTraits (0ms)
		AnalyzeDomain (144ms)
			TypeCache.Refresh (4ms)
				TypeCache.ScanAssembly (0ms)
			BuildScriptInfoCaches (130ms)
			ResolveRequiredComponents (5ms)
	FinalizeReload (614ms)
		ReleaseScriptCaches (0ms)
		RebuildScriptCaches (0ms)
		SetupLoadedEditorAssemblies (502ms)
			LogAssemblyErrors (0ms)
			InitializePlatformSupportModulesInManaged (4ms)
			SetLoadedEditorAssemblies (3ms)
			BeforeProcessingInitializeOnLoad (162ms)
			ProcessInitializeOnLoadAttributes (270ms)
			ProcessInitializeOnLoadMethodAttributes (35ms)
			AfterProcessingInitializeOnLoad (27ms)
			EditorAssembliesLoaded (0ms)
		ExecutionOrderSort2 (0ms)
		AwakeInstancesAfterBackupRestoration (7ms)
Refreshing native plugins compatible for Editor in 2.14 ms, found 3 plugins.
Preloading 0 native plugins for Editor in 0.00 ms.
Unloading 1 Unused Serialized files (Serialized files now loaded: 0)
Unloading 4499 unused Assets / (1.2 MB). Loaded Objects now: 5159.
Memory consumption went from 108.4 MB to 107.2 MB.
Total: 7.553100 ms (FindLiveObjects: 0.728700 ms CreateObjectMapping: 0.600900 ms MarkObjects: 5.009800 ms  DeleteObjects: 1.212600 ms)

Prepare: number of updated asset objects reloaded= 0
========================================================================
Received Prepare
Assembly reference Packages/com.unity.cinemachine/Editor/Samples/ExposeHDRPInternals/HDRP-Editor-ref.asmref has no target assembly definition
Assembly reference Packages/com.unity.cinemachine/Editor/Samples/ExposeHDRPInternals/HDRP-Editor-ref.asmref has no target assembly definition
Begin MonoManager ReloadAssembly
- Loaded All Assemblies, in  0.794 seconds
Assembly reference Packages/com.unity.cinemachine/Editor/Samples/ExposeHDRPInternals/HDRP-Editor-ref.asmref has no target assembly definition
'Packages/com.unity.cinemachine/Editor/Obsolete/CinemachineVirtualCameraBaseEditor.cs' contains partial class of Unity.Object, exactly 1 of the partial classes needs to be in a file with the same filename. This is to know the one that can be referenced from ie. GameObjects
'Packages/com.unity.cinemachine/Editor/Editors/CinemachineVirtualCameraBaseEditor.cs' contains partial class of Unity.Object, exactly 1 of the partial classes needs to be in a file with the same filename. This is to know the one that can be referenced from ie. GameObjects
Refreshing native plugins compatible for Editor in 1.81 ms, found 3 plugins.
Native extension for WindowsStandalone target not found
Native extension for OSXStandalone target not found
Assembly reference Packages/com.unity.cinemachine/Editor/Samples/ExposeHDRPInternals/HDRP-Editor-ref.asmref has no target assembly definition
[Package Manager] Failed to launch server process. Reason: Unity was launched with the -noUpm command-line argument
[Package Manager] Unable to send message (not connected to server process).
[Package Manager] Cannot connect to Unity Package Manager local server
[Package Manager] Failed to launch server process. Reason: Unity was launched with the -noUpm command-line argument
[Package Manager] Unable to send message (not connected to server process).
[Package Manager] Cannot connect to Unity Package Manager local server
ScheduleIndexationOnStartup MainProcess:False IndexOnStartup:True
Mono: successfully reloaded assembly
- Finished resetting the current domain, in  0.605 seconds
Domain Reload Profiling: 1383ms
	BeginReloadAssembly (244ms)
		ExecutionOrderSort (0ms)
		DisableScriptedObjects (4ms)
		BackupInstance (0ms)
		ReleaseScriptingObjects (0ms)
		CreateAndSetChildDomain (48ms)
	RebuildCommonClasses (31ms)
	RebuildNativeTypeToScriptingClass (10ms)
	initialDomainReloadingComplete (54ms)
	LoadAllAssembliesAndSetupDomain (439ms)
		LoadAssemblies (434ms)
		RebuildTransferFunctionScriptingTraits (0ms)
		AnalyzeDomain (135ms)
			TypeCache.Refresh (4ms)
				TypeCache.ScanAssembly (0ms)
			BuildScriptInfoCaches (122ms)
			ResolveRequiredComponents (5ms)
	FinalizeReload (605ms)
		ReleaseScriptCaches (0ms)
		RebuildScriptCaches (0ms)
		SetupLoadedEditorAssemblies (495ms)
			LogAssemblyErrors (0ms)
			InitializePlatformSupportModulesInManaged (3ms)
			SetLoadedEditorAssemblies (3ms)
			BeforeProcessingInitializeOnLoad (160ms)
			ProcessInitializeOnLoadAttributes (263ms)
			ProcessInitializeOnLoadMethodAttributes (33ms)
			AfterProcessingInitializeOnLoad (34ms)
			EditorAssembliesLoaded (0ms)
		ExecutionOrderSort2 (0ms)
		AwakeInstancesAfterBackupRestoration (5ms)
Refreshing native plugins compatible for Editor in 1.78 ms, found 3 plugins.
Preloading 0 native plugins for Editor in 0.00 ms.
Unloading 1 Unused Serialized files (Serialized files now loaded: 0)
Unloading 4499 unused Assets / (1.3 MB). Loaded Objects now: 5160.
Memory consumption went from 108.5 MB to 107.2 MB.
Total: 6.210300 ms (FindLiveObjects: 0.538900 ms CreateObjectMapping: 0.318800 ms MarkObjects: 4.253700 ms  DeleteObjects: 1.097500 ms)

Prepare: number of updated asset objects reloaded= 0
========================================================================
Received Prepare
Assembly reference Packages/com.unity.cinemachine/Editor/Samples/ExposeHDRPInternals/HDRP-Editor-ref.asmref has no target assembly definition
Assembly reference Packages/com.unity.cinemachine/Editor/Samples/ExposeHDRPInternals/HDRP-Editor-ref.asmref has no target assembly definition
Begin MonoManager ReloadAssembly
[Licensing::Client] Successfully resolved entitlement details
- Loaded All Assemblies, in  0.775 seconds
Assembly reference Packages/com.unity.cinemachine/Editor/Samples/ExposeHDRPInternals/HDRP-Editor-ref.asmref has no target assembly definition
'Packages/com.unity.cinemachine/Editor/Obsolete/CinemachineVirtualCameraBaseEditor.cs' contains partial class of Unity.Object, exactly 1 of the partial classes needs to be in a file with the same filename. This is to know the one that can be referenced from ie. GameObjects
'Packages/com.unity.cinemachine/Editor/Editors/CinemachineVirtualCameraBaseEditor.cs' contains partial class of Unity.Object, exactly 1 of the partial classes needs to be in a file with the same filename. This is to know the one that can be referenced from ie. GameObjects
Refreshing native plugins compatible for Editor in 2.35 ms, found 3 plugins.
Native extension for WindowsStandalone target not found
Native extension for OSXStandalone target not found
Assembly reference Packages/com.unity.cinemachine/Editor/Samples/ExposeHDRPInternals/HDRP-Editor-ref.asmref has no target assembly definition
[Package Manager] Failed to launch server process. Reason: Unity was launched with the -noUpm command-line argument
[Package Manager] Unable to send message (not connected to server process).
[Package Manager] Cannot connect to Unity Package Manager local server
[Package Manager] Failed to launch server process. Reason: Unity was launched with the -noUpm command-line argument
[Package Manager] Unable to send message (not connected to server process).
[Package Manager] Cannot connect to Unity Package Manager local server
ScheduleIndexationOnStartup MainProcess:False IndexOnStartup:True
Mono: successfully reloaded assembly
- Finished resetting the current domain, in  0.613 seconds
Domain Reload Profiling: 1360ms
	BeginReloadAssembly (235ms)
		ExecutionOrderSort (0ms)
		DisableScriptedObjects (3ms)
		BackupInstance (0ms)
		ReleaseScriptingObjects (0ms)
		CreateAndSetChildDomain (39ms)
	RebuildCommonClasses (31ms)
	RebuildNativeTypeToScriptingClass (10ms)
	initialDomainReloadingComplete (52ms)
	LoadAllAssembliesAndSetupDomain (418ms)
		LoadAssemblies (422ms)
		RebuildTransferFunctionScriptingTraits (0ms)
		AnalyzeDomain (130ms)
			TypeCache.Refresh (4ms)
				TypeCache.ScanAssembly (0ms)
			BuildScriptInfoCaches (118ms)
			ResolveRequiredComponents (4ms)
	FinalizeReload (613ms)
		ReleaseScriptCaches (0ms)
		RebuildScriptCaches (0ms)
		SetupLoadedEditorAssemblies (505ms)
			LogAssemblyErrors (0ms)
			InitializePlatformSupportModulesInManaged (4ms)
			SetLoadedEditorAssemblies (4ms)
			BeforeProcessingInitializeOnLoad (167ms)
			ProcessInitializeOnLoadAttributes (259ms)
			ProcessInitializeOnLoadMethodAttributes (35ms)
			AfterProcessingInitializeOnLoad (36ms)
			EditorAssembliesLoaded (0ms)
		ExecutionOrderSort2 (0ms)
		AwakeInstancesAfterBackupRestoration (5ms)
Refreshing native plugins compatible for Editor in 2.67 ms, found 3 plugins.
Preloading 0 native plugins for Editor in 0.00 ms.
Unloading 1 Unused Serialized files (Serialized files now loaded: 0)
Unloading 4499 unused Assets / (1.4 MB). Loaded Objects now: 5161.
Memory consumption went from 108.5 MB to 107.1 MB.
Total: 6.232100 ms (FindLiveObjects: 0.552800 ms CreateObjectMapping: 0.182600 ms MarkObjects: 4.388900 ms  DeleteObjects: 1.106700 ms)

Prepare: number of updated asset objects reloaded= 0
========================================================================
Received Prepare
'Packages/com.unity.cinemachine/Editor/Obsolete/CinemachineVirtualCameraBaseEditor.cs' contains partial class of Unity.Object, exactly 1 of the partial classes needs to be in a file with the same filename. This is to know the one that can be referenced from ie. GameObjects
'Packages/com.unity.cinemachine/Editor/Editors/CinemachineVirtualCameraBaseEditor.cs' contains partial class of Unity.Object, exactly 1 of the partial classes needs to be in a file with the same filename. This is to know the one that can be referenced from ie. GameObjects
Refreshing native plugins compatible for Editor in 6.51 ms, found 3 plugins.
Preloading 0 native plugins for Editor in 0.00 ms.
Unloading 1 Unused Serialized files (Serialized files now loaded: 0)
Unloading 4493 unused Assets / (2.1 MB). Loaded Objects now: 5161.
Memory consumption went from 108.7 MB to 106.6 MB.
Total: 20.147800 ms (FindLiveObjects: 0.847400 ms CreateObjectMapping: 0.757700 ms MarkObjects: 13.466300 ms  DeleteObjects: 5.074400 ms)

Prepare: number of updated asset objects reloaded= 0
========================================================================
Received Prepare
Assembly reference Packages/com.unity.cinemachine/Editor/Samples/ExposeHDRPInternals/HDRP-Editor-ref.asmref has no target assembly definition
Assembly reference Packages/com.unity.cinemachine/Editor/Samples/ExposeHDRPInternals/HDRP-Editor-ref.asmref has no target assembly definition
Begin MonoManager ReloadAssembly
[Licensing::Client] Successfully resolved entitlement details
- Loaded All Assemblies, in  1.078 seconds
Assembly reference Packages/com.unity.cinemachine/Editor/Samples/ExposeHDRPInternals/HDRP-Editor-ref.asmref has no target assembly definition
'Packages/com.unity.cinemachine/Editor/Obsolete/CinemachineVirtualCameraBaseEditor.cs' contains partial class of Unity.Object, exactly 1 of the partial classes needs to be in a file with the same filename. This is to know the one that can be referenced from ie. GameObjects
'Packages/com.unity.cinemachine/Editor/Editors/CinemachineVirtualCameraBaseEditor.cs' contains partial class of Unity.Object, exactly 1 of the partial classes needs to be in a file with the same filename. This is to know the one that can be referenced from ie. GameObjects
Refreshing native plugins compatible for Editor in 2.50 ms, found 3 plugins.
Native extension for WindowsStandalone target not found
Native extension for OSXStandalone target not found
Assembly reference Packages/com.unity.cinemachine/Editor/Samples/ExposeHDRPInternals/HDRP-Editor-ref.asmref has no target assembly definition
[Package Manager] Failed to launch server process. Reason: Unity was launched with the -noUpm command-line argument
[Package Manager] Unable to send message (not connected to server process).
[Package Manager] Cannot connect to Unity Package Manager local server
[Package Manager] Failed to launch server process. Reason: Unity was launched with the -noUpm command-line argument
[Package Manager] Unable to send message (not connected to server process).
[Package Manager] Cannot connect to Unity Package Manager local server
ScheduleIndexationOnStartup MainProcess:False IndexOnStartup:True
Mono: successfully reloaded assembly
- Finished resetting the current domain, in  0.752 seconds
Domain Reload Profiling: 1809ms
	BeginReloadAssembly (308ms)
		ExecutionOrderSort (0ms)
		DisableScriptedObjects (5ms)
		BackupInstance (0ms)
		ReleaseScriptingObjects (0ms)
		CreateAndSetChildDomain (44ms)
	RebuildCommonClasses (89ms)
	RebuildNativeTypeToScriptingClass (32ms)
	initialDomainReloadingComplete (92ms)
	LoadAllAssembliesAndSetupDomain (537ms)
		LoadAssemblies (557ms)
		RebuildTransferFunctionScriptingTraits (0ms)
		AnalyzeDomain (169ms)
			TypeCache.Refresh (8ms)
				TypeCache.ScanAssembly (1ms)
			BuildScriptInfoCaches (150ms)
			ResolveRequiredComponents (6ms)
	FinalizeReload (752ms)
		ReleaseScriptCaches (0ms)
		RebuildScriptCaches (0ms)
		SetupLoadedEditorAssemblies (621ms)
			LogAssemblyErrors (0ms)
			InitializePlatformSupportModulesInManaged (4ms)
			SetLoadedEditorAssemblies (4ms)
			BeforeProcessingInitializeOnLoad (209ms)
			ProcessInitializeOnLoadAttributes (321ms)
			ProcessInitializeOnLoadMethodAttributes (36ms)
			AfterProcessingInitializeOnLoad (46ms)
			EditorAssembliesLoaded (0ms)
		ExecutionOrderSort2 (0ms)
		AwakeInstancesAfterBackupRestoration (6ms)
Refreshing native plugins compatible for Editor in 2.04 ms, found 3 plugins.
Preloading 0 native plugins for Editor in 0.00 ms.
Unloading 1 Unused Serialized files (Serialized files now loaded: 0)
Unloading 4499 unused Assets / (1.3 MB). Loaded Objects now: 5162.
Memory consumption went from 108.5 MB to 107.2 MB.
Total: 8.310400 ms (FindLiveObjects: 0.692800 ms CreateObjectMapping: 0.555600 ms MarkObjects: 5.789900 ms  DeleteObjects: 1.271000 ms)

Prepare: number of updated asset objects reloaded= 0
========================================================================
Received Prepare
Assembly reference Packages/com.unity.cinemachine/Editor/Samples/ExposeHDRPInternals/HDRP-Editor-ref.asmref has no target assembly definition
Assembly reference Packages/com.unity.cinemachine/Editor/Samples/ExposeHDRPInternals/HDRP-Editor-ref.asmref has no target assembly definition
Begin MonoManager ReloadAssembly
- Loaded All Assemblies, in  0.750 seconds
Assembly reference Packages/com.unity.cinemachine/Editor/Samples/ExposeHDRPInternals/HDRP-Editor-ref.asmref has no target assembly definition
'Packages/com.unity.cinemachine/Editor/Obsolete/CinemachineVirtualCameraBaseEditor.cs' contains partial class of Unity.Object, exactly 1 of the partial classes needs to be in a file with the same filename. This is to know the one that can be referenced from ie. GameObjects
'Packages/com.unity.cinemachine/Editor/Editors/CinemachineVirtualCameraBaseEditor.cs' contains partial class of Unity.Object, exactly 1 of the partial classes needs to be in a file with the same filename. This is to know the one that can be referenced from ie. GameObjects
Refreshing native plugins compatible for Editor in 1.98 ms, found 3 plugins.
Native extension for WindowsStandalone target not found
Native extension for OSXStandalone target not found
Assembly reference Packages/com.unity.cinemachine/Editor/Samples/ExposeHDRPInternals/HDRP-Editor-ref.asmref has no target assembly definition
[Package Manager] Failed to launch server process. Reason: Unity was launched with the -noUpm command-line argument
[Package Manager] Unable to send message (not connected to server process).
[Package Manager] Cannot connect to Unity Package Manager local server
[Package Manager] Failed to launch server process. Reason: Unity was launched with the -noUpm command-line argument
[Package Manager] Unable to send message (not connected to server process).
[Package Manager] Cannot connect to Unity Package Manager local server
ScheduleIndexationOnStartup MainProcess:False IndexOnStartup:True
Mono: successfully reloaded assembly
- Finished resetting the current domain, in  0.610 seconds
Domain Reload Profiling: 1344ms
	BeginReloadAssembly (238ms)
		ExecutionOrderSort (0ms)
		DisableScriptedObjects (4ms)
		BackupInstance (0ms)
		ReleaseScriptingObjects (0ms)
		CreateAndSetChildDomain (41ms)
	RebuildCommonClasses (32ms)
	RebuildNativeTypeToScriptingClass (10ms)
	initialDomainReloadingComplete (54ms)
	LoadAllAssembliesAndSetupDomain (400ms)
		LoadAssemblies (408ms)
		RebuildTransferFunctionScriptingTraits (0ms)
		AnalyzeDomain (123ms)
			TypeCache.Refresh (4ms)
				TypeCache.ScanAssembly (0ms)
			BuildScriptInfoCaches (111ms)
			ResolveRequiredComponents (4ms)
	FinalizeReload (611ms)
		ReleaseScriptCaches (0ms)
		RebuildScriptCaches (0ms)
		SetupLoadedEditorAssemblies (497ms)
			LogAssemblyErrors (0ms)
			InitializePlatformSupportModulesInManaged (3ms)
			SetLoadedEditorAssemblies (4ms)
			BeforeProcessingInitializeOnLoad (160ms)
			ProcessInitializeOnLoadAttributes (266ms)
			ProcessInitializeOnLoadMethodAttributes (35ms)
			AfterProcessingInitializeOnLoad (29ms)
			EditorAssembliesLoaded (0ms)
		ExecutionOrderSort2 (0ms)
		AwakeInstancesAfterBackupRestoration (5ms)
Refreshing native plugins compatible for Editor in 2.22 ms, found 3 plugins.
Preloading 0 native plugins for Editor in 0.00 ms.
Unloading 1 Unused Serialized files (Serialized files now loaded: 0)
Unloading 4499 unused Assets / (1.5 MB). Loaded Objects now: 5163.
Memory consumption went from 108.5 MB to 107.0 MB.
Total: 6.758700 ms (FindLiveObjects: 0.437400 ms CreateObjectMapping: 0.382600 ms MarkObjects: 4.619400 ms  DeleteObjects: 1.318300 ms)

Prepare: number of updated asset objects reloaded= 0
========================================================================
Received Prepare
Assembly reference Packages/com.unity.cinemachine/Editor/Samples/ExposeHDRPInternals/HDRP-Editor-ref.asmref has no target assembly definition
Assembly reference Packages/com.unity.cinemachine/Editor/Samples/ExposeHDRPInternals/HDRP-Editor-ref.asmref has no target assembly definition
Begin MonoManager ReloadAssembly
[Licensing::Client] Successfully resolved entitlement details
- Loaded All Assemblies, in  0.751 seconds
Assembly reference Packages/com.unity.cinemachine/Editor/Samples/ExposeHDRPInternals/HDRP-Editor-ref.asmref has no target assembly definition
'Packages/com.unity.cinemachine/Editor/Obsolete/CinemachineVirtualCameraBaseEditor.cs' contains partial class of Unity.Object, exactly 1 of the partial classes needs to be in a file with the same filename. This is to know the one that can be referenced from ie. GameObjects
'Packages/com.unity.cinemachine/Editor/Editors/CinemachineVirtualCameraBaseEditor.cs' contains partial class of Unity.Object, exactly 1 of the partial classes needs to be in a file with the same filename. This is to know the one that can be referenced from ie. GameObjects
Refreshing native plugins compatible for Editor in 1.92 ms, found 3 plugins.
Native extension for WindowsStandalone target not found
Native extension for OSXStandalone target not found
Assembly reference Packages/com.unity.cinemachine/Editor/Samples/ExposeHDRPInternals/HDRP-Editor-ref.asmref has no target assembly definition
[Package Manager] Failed to launch server process. Reason: Unity was launched with the -noUpm command-line argument
[Package Manager] Unable to send message (not connected to server process).
[Package Manager] Cannot connect to Unity Package Manager local server
[Package Manager] Failed to launch server process. Reason: Unity was launched with the -noUpm command-line argument
[Package Manager] Unable to send message (not connected to server process).
[Package Manager] Cannot connect to Unity Package Manager local server
ScheduleIndexationOnStartup MainProcess:False IndexOnStartup:True
Mono: successfully reloaded assembly
- Finished resetting the current domain, in  0.600 seconds
Domain Reload Profiling: 1332ms
	BeginReloadAssembly (234ms)
		ExecutionOrderSort (0ms)
		DisableScriptedObjects (4ms)
		BackupInstance (0ms)
		ReleaseScriptingObjects (0ms)
		CreateAndSetChildDomain (40ms)
	RebuildCommonClasses (32ms)
	RebuildNativeTypeToScriptingClass (10ms)
	initialDomainReloadingComplete (49ms)
	LoadAllAssembliesAndSetupDomain (406ms)
		LoadAssemblies (415ms)
		RebuildTransferFunctionScriptingTraits (0ms)
		AnalyzeDomain (123ms)
			TypeCache.Refresh (4ms)
				TypeCache.ScanAssembly (0ms)
			BuildScriptInfoCaches (111ms)
			ResolveRequiredComponents (4ms)
	FinalizeReload (600ms)
		ReleaseScriptCaches (0ms)
		RebuildScriptCaches (0ms)
		SetupLoadedEditorAssemblies (494ms)
			LogAssemblyErrors (0ms)
			InitializePlatformSupportModulesInManaged (3ms)
			SetLoadedEditorAssemblies (4ms)
			BeforeProcessingInitializeOnLoad (161ms)
			ProcessInitializeOnLoadAttributes (263ms)
			ProcessInitializeOnLoadMethodAttributes (32ms)
			AfterProcessingInitializeOnLoad (30ms)
			EditorAssembliesLoaded (0ms)
		ExecutionOrderSort2 (0ms)
		AwakeInstancesAfterBackupRestoration (5ms)
Refreshing native plugins compatible for Editor in 2.05 ms, found 3 plugins.
Preloading 0 native plugins for Editor in 0.00 ms.
Unloading 1 Unused Serialized files (Serialized files now loaded: 0)
Unloading 4499 unused Assets / (1.3 MB). Loaded Objects now: 5164.
Memory consumption went from 108.5 MB to 107.3 MB.
Total: 6.981000 ms (FindLiveObjects: 0.619900 ms CreateObjectMapping: 0.298300 ms MarkObjects: 5.004700 ms  DeleteObjects: 1.057100 ms)

Prepare: number of updated asset objects reloaded= 0
========================================================================
Received Import Request.
  Time since last request: 474.725150 seconds.
  path: Assets/4K Tiled Ground Textures p2/Textures/asphalt/Materials
  artifactKey: Guid(2be044739bd180546bed2e4ee246d16d) Importer(2089858483,b0f066a214c2f5e87bad3c948f4d605d)
Start importing Assets/4K Tiled Ground Textures p2/Textures/asphalt/Materials using Guid(2be044739bd180546bed2e4ee246d16d) Importer(2089858483,b0f066a214c2f5e87bad3c948f4d605d) (ScriptedImporter) -> (artifact id: '08a16fcfc6743b8b507724739001181a') in 0.0602807 seconds
Number of updated asset objects reloaded before import = 0Number of asset objects unloaded after import = 1

========================================================================
Received Import Request.
  Time since last request: 0.000018 seconds.
  path: Assets/MAIN STUFF/SOUNDS/The Backrooms Music Vol. 1/juanjo_ sound - paradise.wav
  artifactKey: Guid(5e16b96f3bf827f45a77f0617868dee2) Importer(2089858483,b0f066a214c2f5e87bad3c948f4d605d)
Start importing Assets/MAIN STUFF/SOUNDS/The Backrooms Music Vol. 1/juanjo_ sound - paradise.wav using Guid(5e16b96f3bf827f45a77f0617868dee2) Importer(2089858483,b0f066a214c2f5e87bad3c948f4d605d) (ScriptedImporter) -> (artifact id: '75b2720d82dbf5c990dd8042075c25ee') in 0.0601824 seconds
Number of updated asset objects reloaded before import = 0Number of asset objects unloaded after import = 1

========================================================================
Received Import Request.
  Time since last request: 0.000016 seconds.
  path: Assets/MAIN STUFF/SOUNDS/Dreamcore Music/5 Dreamcore Tone 2 (by juanjo_sound).wav
  artifactKey: Guid(fa7e383cfa8b49c4d86f118da1e51546) Importer(2089858483,b0f066a214c2f5e87bad3c948f4d605d)
Start importing Assets/MAIN STUFF/SOUNDS/Dreamcore Music/5 Dreamcore Tone 2 (by juanjo_sound).wav using Guid(fa7e383cfa8b49c4d86f118da1e51546) Importer(2089858483,b0f066a214c2f5e87bad3c948f4d605d) (ScriptedImporter) -> (artifact id: 'f8a3c2a72f613ea9ae61ea52086a83ea') in 0.0258915 seconds
Number of updated asset objects reloaded before import = 0Number of asset objects unloaded after import = 1

========================================================================
Received Import Request.
  Time since last request: 0.000023 seconds.
  path: Assets/MAIN STUFF/SOUNDS/Dreamcore Music/1 Dreamcore Tone (by juanjo_sound).wav
  artifactKey: Guid(62c351f4854caec43942468e9e5fd6b3) Importer(2089858483,b0f066a214c2f5e87bad3c948f4d605d)
Start importing Assets/MAIN STUFF/SOUNDS/Dreamcore Music/1 Dreamcore Tone (by juanjo_sound).wav using Guid(62c351f4854caec43942468e9e5fd6b3) Importer(2089858483,b0f066a214c2f5e87bad3c948f4d605d) (ScriptedImporter) -> (artifact id: '22174dad5fac50d995fea74653d7dfe9') in 0.0241906 seconds
Number of updated asset objects reloaded before import = 0Number of asset objects unloaded after import = 1

========================================================================
Received Import Request.
  Time since last request: 0.000019 seconds.
  path: Assets/MAIN STUFF/SOUNDS/Tybug Studios/Zombie Voice Pack - Free/Zombie Grunt/zombie_grunt_006.wav
  artifactKey: Guid(b771cd0787c16e64e8e8ba11c3c83734) Importer(2089858483,b0f066a214c2f5e87bad3c948f4d605d)
Start importing Assets/MAIN STUFF/SOUNDS/Tybug Studios/Zombie Voice Pack - Free/Zombie Grunt/zombie_grunt_006.wav using Guid(b771cd0787c16e64e8e8ba11c3c83734) Importer(2089858483,b0f066a214c2f5e87bad3c948f4d605d) (ScriptedImporter) -> (artifact id: '67ac1f8cedc6e7582e38c3efbcbe1313') in 0.0253808 seconds
Number of updated asset objects reloaded before import = 0Number of asset objects unloaded after import = 1

========================================================================
Received Import Request.
  Time since last request: 0.000024 seconds.
  path: Assets/MAIN STUFF/SOUNDS/Numb - Ambient Music/Far Away (by juanjo_sound).wav
  artifactKey: Guid(3eb0ffe347ef99749a6bd077692daeb3) Importer(2089858483,b0f066a214c2f5e87bad3c948f4d605d)
Start importing Assets/MAIN STUFF/SOUNDS/Numb - Ambient Music/Far Away (by juanjo_sound).wav using Guid(3eb0ffe347ef99749a6bd077692daeb3) Importer(2089858483,b0f066a214c2f5e87bad3c948f4d605d) (ScriptedImporter) -> (artifact id: 'dc2d73e5c9dd54a8e7fe22d1e0d2afd6') in 0.0214446 seconds
Number of updated asset objects reloaded before import = 0Number of asset objects unloaded after import = 1

========================================================================
Received Import Request.
  Time since last request: 0.000028 seconds.
  path: Assets/MAIN STUFF/SOUNDS/Numb - Ambient Music/LOOP Core Memories (by juanjo_sound).wav
  artifactKey: Guid(5348f2a4ef4d9bf49a6a8c2ed51bef95) Importer(2089858483,b0f066a214c2f5e87bad3c948f4d605d)
Start importing Assets/MAIN STUFF/SOUNDS/Numb - Ambient Music/LOOP Core Memories (by juanjo_sound).wav using Guid(5348f2a4ef4d9bf49a6a8c2ed51bef95) Importer(2089858483,b0f066a214c2f5e87bad3c948f4d605d) (ScriptedImporter) -> (artifact id: '90cb3fcc597b2f32cbefb9e14d2bc476') in 0.0221092 seconds
Number of updated asset objects reloaded before import = 0Number of asset objects unloaded after import = 1

========================================================================
Received Import Request.
  Time since last request: 0.000019 seconds.
  path: Assets/MAIN STUFF/SOUNDS/Numb - Ambient Music/Just One Moment (by juanjo_sound).wav
  artifactKey: Guid(cb0caae7c2087a248ab9756b180cb9a4) Importer(2089858483,b0f066a214c2f5e87bad3c948f4d605d)
Start importing Assets/MAIN STUFF/SOUNDS/Numb - Ambient Music/Just One Moment (by juanjo_sound).wav using Guid(cb0caae7c2087a248ab9756b180cb9a4) Importer(2089858483,b0f066a214c2f5e87bad3c948f4d605d) (ScriptedImporter) -> (artifact id: '68b1f1f460baf9f2091bad0e5ec4bcab') in 0.0197595 seconds
Number of updated asset objects reloaded before import = 0Number of asset objects unloaded after import = 1

========================================================================
Received Import Request.
  Time since last request: 0.000042 seconds.
  path: Assets/MAIN STUFF/TEST STUFF/New Material 8.mat
  artifactKey: Guid(e142c1e227c29ce409029977cdc6d4a2) Importer(2089858483,b0f066a214c2f5e87bad3c948f4d605d)
Start importing Assets/MAIN STUFF/TEST STUFF/New Material 8.mat using Guid(e142c1e227c29ce409029977cdc6d4a2) Importer(2089858483,b0f066a214c2f5e87bad3c948f4d605d) (ScriptedImporter) -> (artifact id: '703a85fef465fc435e934bbe7304f8f0') in 0.0242829 seconds
Number of updated asset objects reloaded before import = 0Number of asset objects unloaded after import = 1

========================================================================
Received Import Request.
  Time since last request: 0.000042 seconds.
  path: Assets/MAIN STUFF/SOUNDS/Dreamcore Music/4 Dreamcore Oddity (by juanjo_sound).wav
  artifactKey: Guid(028c027c819e663428c964c3d00ac215) Importer(2089858483,b0f066a214c2f5e87bad3c948f4d605d)
Start importing Assets/MAIN STUFF/SOUNDS/Dreamcore Music/4 Dreamcore Oddity (by juanjo_sound).wav using Guid(028c027c819e663428c964c3d00ac215) Importer(2089858483,b0f066a214c2f5e87bad3c948f4d605d) (ScriptedImporter) -> (artifact id: 'a3e6791f053b5652295437bb92dde13d') in 0.0225049 seconds
Number of updated asset objects reloaded before import = 0Number of asset objects unloaded after import = 1

========================================================================
Received Import Request.
  Time since last request: 0.000049 seconds.
  path: Assets/MAIN STUFF/SOUNDS/Numb - Ambient Music/Numb 2 (by juanjo_sound).wav
  artifactKey: Guid(e7cfe874ad3e82a479f3b180409bff3c) Importer(2089858483,b0f066a214c2f5e87bad3c948f4d605d)
Start importing Assets/MAIN STUFF/SOUNDS/Numb - Ambient Music/Numb 2 (by juanjo_sound).wav using Guid(e7cfe874ad3e82a479f3b180409bff3c) Importer(2089858483,b0f066a214c2f5e87bad3c948f4d605d) (ScriptedImporter) -> (artifact id: 'bfc879e0278d4a9664d8de2ea4aeaa52') in 0.0242053 seconds
Number of updated asset objects reloaded before import = 0Number of asset objects unloaded after import = 1

========================================================================
Received Import Request.
  Time since last request: 0.000018 seconds.
  path: Assets/MAIN STUFF/SOUNDS/Dreamcore Music/8 LOOP Dreamcore Fragments (by juanjo_sound).wav
  artifactKey: Guid(d67da28a8c495ee49b3f3b75d28c7f9c) Importer(2089858483,b0f066a214c2f5e87bad3c948f4d605d)
Start importing Assets/MAIN STUFF/SOUNDS/Dreamcore Music/8 LOOP Dreamcore Fragments (by juanjo_sound).wav using Guid(d67da28a8c495ee49b3f3b75d28c7f9c) Importer(2089858483,b0f066a214c2f5e87bad3c948f4d605d) (ScriptedImporter) -> (artifact id: '6c3afbb5a70b5f697eb67c11f48686af') in 0.0249322 seconds
Number of updated asset objects reloaded before import = 0Number of asset objects unloaded after import = 1

========================================================================
Received Import Request.
  Time since last request: 0.000024 seconds.
  path: Assets/MAIN STUFF/SOUNDS/Tybug Studios/Zombie Voice Pack - Free
  artifactKey: Guid(6cf4900949ed6e444a13f9713aa9108b) Importer(2089858483,b0f066a214c2f5e87bad3c948f4d605d)
Start importing Assets/MAIN STUFF/SOUNDS/Tybug Studios/Zombie Voice Pack - Free using Guid(6cf4900949ed6e444a13f9713aa9108b) Importer(2089858483,b0f066a214c2f5e87bad3c948f4d605d) (ScriptedImporter) -> (artifact id: '53104c6f08b1fbd97ef794907bfb841b') in 0.0061093 seconds
Number of updated asset objects reloaded before import = 0Number of asset objects unloaded after import = 1

========================================================================
Received Import Request.
  Time since last request: 0.000023 seconds.
  path: Assets/MAIN STUFF/SOUNDS/The Backrooms Music Vol. 1
  artifactKey: Guid(b4839d39955ac7541b960682b519edf7) Importer(2089858483,b0f066a214c2f5e87bad3c948f4d605d)
Start importing Assets/MAIN STUFF/SOUNDS/The Backrooms Music Vol. 1 using Guid(b4839d39955ac7541b960682b519edf7) Importer(2089858483,b0f066a214c2f5e87bad3c948f4d605d) (ScriptedImporter) -> (artifact id: '27f9463022a726a77666f08d5bc3a45a') in 0.0062185 seconds
Number of updated asset objects reloaded before import = 0Number of asset objects unloaded after import = 1

========================================================================
Received Import Request.
  Time since last request: 0.000021 seconds.
  path: Assets/MAIN STUFF/SOUNDS/Dreamcore Music/2 Dreamcore Ice Cream (by juanjo_sound).wav
  artifactKey: Guid(17be24917621746488fec3134085ca99) Importer(2089858483,b0f066a214c2f5e87bad3c948f4d605d)
Start importing Assets/MAIN STUFF/SOUNDS/Dreamcore Music/2 Dreamcore Ice Cream (by juanjo_sound).wav using Guid(17be24917621746488fec3134085ca99) Importer(2089858483,b0f066a214c2f5e87bad3c948f4d605d) (ScriptedImporter) -> (artifact id: '9b6cb676b9efce2fbf3f7812ed92b5e6') in 0.0259217 seconds
Number of updated asset objects reloaded before import = 0Number of asset objects unloaded after import = 1

========================================================================
Received Import Request.
  Time since last request: 0.000018 seconds.
  path: Assets/MAIN STUFF/SOUNDS
  artifactKey: Guid(b99619966d771e7468a32fa321698d4b) Importer(2089858483,b0f066a214c2f5e87bad3c948f4d605d)
Start importing Assets/MAIN STUFF/SOUNDS using Guid(b99619966d771e7468a32fa321698d4b) Importer(2089858483,b0f066a214c2f5e87bad3c948f4d605d) (ScriptedImporter) -> (artifact id: 'fee714cf90346f5810dd0ab42a977221') in 0.0043515 seconds
Number of updated asset objects reloaded before import = 0Number of asset objects unloaded after import = 1

========================================================================
Received Import Request.
  Time since last request: 0.000057 seconds.
  path: Assets/MAIN STUFF/SOUNDS/Dreamcore Music/5 LOOP Dreamcore Tone 2 (by juanjo_sound).wav
  artifactKey: Guid(7152939cca89a464c8b5751e3e215697) Importer(2089858483,b0f066a214c2f5e87bad3c948f4d605d)
Start importing Assets/MAIN STUFF/SOUNDS/Dreamcore Music/5 LOOP Dreamcore Tone 2 (by juanjo_sound).wav using Guid(7152939cca89a464c8b5751e3e215697) Importer(2089858483,b0f066a214c2f5e87bad3c948f4d605d) (ScriptedImporter) -> (artifact id: '9c9eec2ff61645c43ae1c923a07d2cd0') in 0.0225801 seconds
Number of updated asset objects reloaded before import = 0Number of asset objects unloaded after import = 1

========================================================================
Received Import Request.
  Time since last request: 0.000025 seconds.
  path: Assets/MAIN STUFF/SOUNDS/Numb - Ambient Music/Outside (by juanjo_sound).wav
  artifactKey: Guid(2a94c7b9125c71849968d3c57868fa3d) Importer(2089858483,b0f066a214c2f5e87bad3c948f4d605d)
Start importing Assets/MAIN STUFF/SOUNDS/Numb - Ambient Music/Outside (by juanjo_sound).wav using Guid(2a94c7b9125c71849968d3c57868fa3d) Importer(2089858483,b0f066a214c2f5e87bad3c948f4d605d) (ScriptedImporter) -> (artifact id: 'fad6b6cb501029c5d1f874528224aa29') in 0.0240778 seconds
Number of updated asset objects reloaded before import = 0Number of asset objects unloaded after import = 1

========================================================================
Received Import Request.
  Time since last request: 0.000029 seconds.
  path: Assets/MAIN STUFF/SOUNDS/The Backrooms Music Vol. 1/juanjo_ sound - crop circles.wav
  artifactKey: Guid(901ddfa1da5a4824bb17c52918f893d0) Importer(2089858483,b0f066a214c2f5e87bad3c948f4d605d)
Start importing Assets/MAIN STUFF/SOUNDS/The Backrooms Music Vol. 1/juanjo_ sound - crop circles.wav using Guid(901ddfa1da5a4824bb17c52918f893d0) Importer(2089858483,b0f066a214c2f5e87bad3c948f4d605d) (ScriptedImporter) -> (artifact id: '659f58cea2833e6d2c9ea933cef3244b') in 0.0204724 seconds
Number of updated asset objects reloaded before import = 0Number of asset objects unloaded after import = 1

========================================================================
Received Import Request.
  Time since last request: 0.000022 seconds.
  path: Assets/MAIN STUFF/TEST STUFF/New Material 7.mat
  artifactKey: Guid(efb83ba222ffa73479aabc15f43b533c) Importer(2089858483,b0f066a214c2f5e87bad3c948f4d605d)
Start importing Assets/MAIN STUFF/TEST STUFF/New Material 7.mat using Guid(efb83ba222ffa73479aabc15f43b533c) Importer(2089858483,b0f066a214c2f5e87bad3c948f4d605d) (ScriptedImporter) -> (artifact id: '0eba021db5e3be587ce2599444b9330d') in 0.0056997 seconds
Number of updated asset objects reloaded before import = 0Number of asset objects unloaded after import = 1

========================================================================
Received Import Request.
  Time since last request: 0.000023 seconds.
  path: Assets/MAIN STUFF/SOUNDS/Tybug Studios/Zombie Voice Pack - Free/Zombie Hiss/zombie_hiss_010.wav
  artifactKey: Guid(168c9a5ac7025814ea9c89e5098a3cad) Importer(2089858483,b0f066a214c2f5e87bad3c948f4d605d)
Start importing Assets/MAIN STUFF/SOUNDS/Tybug Studios/Zombie Voice Pack - Free/Zombie Hiss/zombie_hiss_010.wav using Guid(168c9a5ac7025814ea9c89e5098a3cad) Importer(2089858483,b0f066a214c2f5e87bad3c948f4d605d) (ScriptedImporter) -> (artifact id: '515d731c841df551d95d55908539df9f') in 0.0305549 seconds
Number of updated asset objects reloaded before import = 0Number of asset objects unloaded after import = 1

========================================================================
Received Import Request.
  Time since last request: 0.000023 seconds.
  path: Assets/MAIN STUFF/SOUNDS/Numb - Ambient Music/LOOP Numb (by juanjo_sound).wav
  artifactKey: Guid(553ea6e58af08d6488076e51fd25f56d) Importer(2089858483,b0f066a214c2f5e87bad3c948f4d605d)
Start importing Assets/MAIN STUFF/SOUNDS/Numb - Ambient Music/LOOP Numb (by juanjo_sound).wav using Guid(553ea6e58af08d6488076e51fd25f56d) Importer(2089858483,b0f066a214c2f5e87bad3c948f4d605d) (ScriptedImporter) -> (artifact id: 'b0522c073fd124c7a6502442255e0d95') in 0.0205398 seconds
Number of updated asset objects reloaded before import = 0Number of asset objects unloaded after import = 1

========================================================================
Received Import Request.
  Time since last request: 0.000015 seconds.
  path: Assets/MAIN STUFF/SOUNDS/The Backrooms Music Vol. 1/juanjo_ sound - The Bluerooms.wav
  artifactKey: Guid(31b85da6e407dc548837bfa3cbb2d429) Importer(2089858483,b0f066a214c2f5e87bad3c948f4d605d)
Start importing Assets/MAIN STUFF/SOUNDS/The Backrooms Music Vol. 1/juanjo_ sound - The Bluerooms.wav using Guid(31b85da6e407dc548837bfa3cbb2d429) Importer(2089858483,b0f066a214c2f5e87bad3c948f4d605d) (ScriptedImporter) -> (artifact id: '1d0f1482670b46cb0eb14071da71a42d') in 0.0220062 seconds
Number of updated asset objects reloaded before import = 0Number of asset objects unloaded after import = 1

========================================================================
Received Import Request.
  Time since last request: 0.000040 seconds.
  path: Assets/MAIN STUFF/SOUNDS/The Backrooms Music Vol. 1/juanjo_ sound - continuum.wav
  artifactKey: Guid(abe320bd4168b4946ae0bd73367ac584) Importer(2089858483,b0f066a214c2f5e87bad3c948f4d605d)
Start importing Assets/MAIN STUFF/SOUNDS/The Backrooms Music Vol. 1/juanjo_ sound - continuum.wav using Guid(abe320bd4168b4946ae0bd73367ac584) Importer(2089858483,b0f066a214c2f5e87bad3c948f4d605d) (ScriptedImporter) -> (artifact id: 'ed9b49d28e91d05cf5a9d384d5ff3e6b') in 0.0203475 seconds
Number of updated asset objects reloaded before import = 0Number of asset objects unloaded after import = 1

========================================================================
Received Import Request.
  Time since last request: 0.000073 seconds.
  path: Assets/MAIN STUFF/SOUNDS/Dreamcore Music/3 LOOP Dreamcore Lost (by juanjo_sound).wav
  artifactKey: Guid(4116402025adc5d469c02a663f805487) Importer(2089858483,b0f066a214c2f5e87bad3c948f4d605d)
Start importing Assets/MAIN STUFF/SOUNDS/Dreamcore Music/3 LOOP Dreamcore Lost (by juanjo_sound).wav using Guid(4116402025adc5d469c02a663f805487) Importer(2089858483,b0f066a214c2f5e87bad3c948f4d605d) (ScriptedImporter) -> (artifact id: 'eb08c11d87701996d09b4fa93eb4eded') in 0.022982 seconds
Number of updated asset objects reloaded before import = 0Number of asset objects unloaded after import = 1

========================================================================
Received Import Request.
  Time since last request: 0.000019 seconds.
  path: Assets/MAIN STUFF/SOUNDS/Dreamcore Music/4 LOOP Dreamcore Oddity (by juanjo_sound).wav
  artifactKey: Guid(62ee6fe3f089ea548ba3bcc2e9ae01c1) Importer(2089858483,b0f066a214c2f5e87bad3c948f4d605d)
Start importing Assets/MAIN STUFF/SOUNDS/Dreamcore Music/4 LOOP Dreamcore Oddity (by juanjo_sound).wav using Guid(62ee6fe3f089ea548ba3bcc2e9ae01c1) Importer(2089858483,b0f066a214c2f5e87bad3c948f4d605d) (ScriptedImporter) -> (artifact id: 'd21bafdda3cd6636bab3b0c900cf32b1') in 0.0205561 seconds
Number of updated asset objects reloaded before import = 0Number of asset objects unloaded after import = 1

========================================================================
Received Import Request.
  Time since last request: 0.000019 seconds.
  path: Assets/MAIN STUFF/SOUNDS/Tybug Studios/Zombie Voice Pack - Free/Zombie Aggressive
  artifactKey: Guid(1a558715a99359f488a5224508d9e5bc) Importer(2089858483,b0f066a214c2f5e87bad3c948f4d605d)
Start importing Assets/MAIN STUFF/SOUNDS/Tybug Studios/Zombie Voice Pack - Free/Zombie Aggressive using Guid(1a558715a99359f488a5224508d9e5bc) Importer(2089858483,b0f066a214c2f5e87bad3c948f4d605d) (ScriptedImporter) -> (artifact id: '40a39934d33716a19835cf0b67f8829d') in 0.0043561 seconds
Number of updated asset objects reloaded before import = 0Number of asset objects unloaded after import = 1

========================================================================
Received Import Request.
  Time since last request: 0.000018 seconds.
  path: Assets/MAIN STUFF/SOUNDS/Dreamcore Music/7 Dreamcore Winter (by juanjo_sound).wav
  artifactKey: Guid(5606fbe4407c0c846b7a45b2aca6f5e1) Importer(2089858483,b0f066a214c2f5e87bad3c948f4d605d)
Start importing Assets/MAIN STUFF/SOUNDS/Dreamcore Music/7 Dreamcore Winter (by juanjo_sound).wav using Guid(5606fbe4407c0c846b7a45b2aca6f5e1) Importer(2089858483,b0f066a214c2f5e87bad3c948f4d605d) (ScriptedImporter) -> (artifact id: '7a107d14414ac6c614f745e9f937c49f') in 0.0253609 seconds
Number of updated asset objects reloaded before import = 0Number of asset objects unloaded after import = 1

========================================================================
Received Import Request.
  Time since last request: 0.000049 seconds.
  path: Assets/MAIN STUFF/SOUNDS/Numb - Ambient Music/LOOP Outside (by juanjo_sound).wav
  artifactKey: Guid(e91d5bced15e4d142ba1201ef0ce6e79) Importer(2089858483,b0f066a214c2f5e87bad3c948f4d605d)
Start importing Assets/MAIN STUFF/SOUNDS/Numb - Ambient Music/LOOP Outside (by juanjo_sound).wav using Guid(e91d5bced15e4d142ba1201ef0ce6e79) Importer(2089858483,b0f066a214c2f5e87bad3c948f4d605d) (ScriptedImporter) -> (artifact id: 'be70f581cd7389083c78e73281317b78') in 0.0265762 seconds
Number of updated asset objects reloaded before import = 0Number of asset objects unloaded after import = 1

========================================================================
Received Import Request.
  Time since last request: 0.000023 seconds.
  path: Assets/MAIN STUFF/TEST STUFF/New Material 9.mat
  artifactKey: Guid(3d0b06c3883f4a34fb993661467a782a) Importer(2089858483,b0f066a214c2f5e87bad3c948f4d605d)
Start importing Assets/MAIN STUFF/TEST STUFF/New Material 9.mat using Guid(3d0b06c3883f4a34fb993661467a782a) Importer(2089858483,b0f066a214c2f5e87bad3c948f4d605d) (ScriptedImporter) -> (artifact id: '8cc1a9761bbf74146e1033dc06e3c2e5') in 0.0075954 seconds
Number of updated asset objects reloaded before import = 0Number of asset objects unloaded after import = 1

========================================================================
Received Import Request.
  Time since last request: 0.000029 seconds.
  path: Assets/MAIN STUFF/SOUNDS/Tybug Studios/Zombie Voice Pack - Free/Zombie Grunt
  artifactKey: Guid(6e8e1426c21f83d4681f52c8ed05ce23) Importer(2089858483,b0f066a214c2f5e87bad3c948f4d605d)
Start importing Assets/MAIN STUFF/SOUNDS/Tybug Studios/Zombie Voice Pack - Free/Zombie Grunt using Guid(6e8e1426c21f83d4681f52c8ed05ce23) Importer(2089858483,b0f066a214c2f5e87bad3c948f4d605d) (ScriptedImporter) -> (artifact id: 'c2a82f4c3d81f5f7970a6df757ee1097') in 0.0038487 seconds
Number of updated asset objects reloaded before import = 0Number of asset objects unloaded after import = 1

========================================================================
Received Import Request.
  Time since last request: 0.000030 seconds.
  path: Assets/MAIN STUFF/TEST STUFF/images (2).jpg
  artifactKey: Guid(029fe96d62485624db914e85fe1f2c26) Importer(2089858483,b0f066a214c2f5e87bad3c948f4d605d)
Start importing Assets/MAIN STUFF/TEST STUFF/images (2).jpg using Guid(029fe96d62485624db914e85fe1f2c26) Importer(2089858483,b0f066a214c2f5e87bad3c948f4d605d) (ScriptedImporter) -> (artifact id: '855b86ad9e49d705d4e07890c7a8491b') in 0.0376506 seconds
Number of updated asset objects reloaded before import = 0Number of asset objects unloaded after import = 1

========================================================================
Received Import Request.
  Time since last request: 0.000037 seconds.
  path: Assets/MAIN STUFF/SOUNDS/Dreamcore Music/7 LOOP Dreamcore Winter (by juanjo_sound).wav
  artifactKey: Guid(e8dab991ecff350448b77c680893b448) Importer(2089858483,b0f066a214c2f5e87bad3c948f4d605d)
Start importing Assets/MAIN STUFF/SOUNDS/Dreamcore Music/7 LOOP Dreamcore Winter (by juanjo_sound).wav using Guid(e8dab991ecff350448b77c680893b448) Importer(2089858483,b0f066a214c2f5e87bad3c948f4d605d) (ScriptedImporter) -> (artifact id: '720dbed1ac30246456f5d499012e16c7') in 0.0246944 seconds
Number of updated asset objects reloaded before import = 0Number of asset objects unloaded after import = 1

========================================================================
Received Import Request.
  Time since last request: 0.000020 seconds.
  path: Assets/MAIN STUFF/SOUNDS/Tybug Studios
  artifactKey: Guid(bf997433076a95d4a8c7121289546c8a) Importer(2089858483,b0f066a214c2f5e87bad3c948f4d605d)
Start importing Assets/MAIN STUFF/SOUNDS/Tybug Studios using Guid(bf997433076a95d4a8c7121289546c8a) Importer(2089858483,b0f066a214c2f5e87bad3c948f4d605d) (ScriptedImporter) -> (artifact id: 'e4125d3c71fc3cded4892882802f245d') in 0.0040867 seconds
Number of updated asset objects reloaded before import = 0Number of asset objects unloaded after import = 1

========================================================================
Received Import Request.
  Time since last request: 0.000049 seconds.
  path: Assets/MAIN STUFF/SOUNDS/Tybug Studios/Zombie Voice Pack - Free/Zombie Growl/zombie_growl_023.wav
  artifactKey: Guid(f1ff3e33006a291449618f6fc613e928) Importer(2089858483,b0f066a214c2f5e87bad3c948f4d605d)
Start importing Assets/MAIN STUFF/SOUNDS/Tybug Studios/Zombie Voice Pack - Free/Zombie Growl/zombie_growl_023.wav using Guid(f1ff3e33006a291449618f6fc613e928) Importer(2089858483,b0f066a214c2f5e87bad3c948f4d605d) (ScriptedImporter) -> (artifact id: '8b5d85978f034326f352948a82789c34') in 0.0256179 seconds
Number of updated asset objects reloaded before import = 0Number of asset objects unloaded after import = 1

========================================================================
Received Import Request.
  Time since last request: 0.000021 seconds.
  path: Assets/MAIN STUFF/SCRIPTS/ThirdPersonController.cs
  artifactKey: Guid(7789c4eb7c96d4e41b3947ada3fcd58d) Importer(2089858483,b0f066a214c2f5e87bad3c948f4d605d)
Start importing Assets/MAIN STUFF/SCRIPTS/ThirdPersonController.cs using Guid(7789c4eb7c96d4e41b3947ada3fcd58d) Importer(2089858483,b0f066a214c2f5e87bad3c948f4d605d) (ScriptedImporter) -> (artifact id: 'e1c831119e75887964faafd59a0f860b') in 0.0093301 seconds
Number of updated asset objects reloaded before import = 0Number of asset objects unloaded after import = 0

========================================================================
Received Import Request.
  Time since last request: 0.000068 seconds.
  path: Assets/MAIN STUFF/SOUNDS/Numb - Ambient Music/Out There (by juanjo_sound).wav
  artifactKey: Guid(87ae2abd019ba5445a73b00443b23545) Importer(2089858483,b0f066a214c2f5e87bad3c948f4d605d)
Start importing Assets/MAIN STUFF/SOUNDS/Numb - Ambient Music/Out There (by juanjo_sound).wav using Guid(87ae2abd019ba5445a73b00443b23545) Importer(2089858483,b0f066a214c2f5e87bad3c948f4d605d) (ScriptedImporter) -> (artifact id: '4538159731f60b79e7533ca96e71a4d1') in 0.0214056 seconds
Number of updated asset objects reloaded before import = 0Number of asset objects unloaded after import = 1

========================================================================
Received Import Request.
  Time since last request: 0.000053 seconds.
  path: Assets/MAIN STUFF/3D MODELS/New Animation.anim
  artifactKey: Guid(d27ff215b34329a4b87f89b269a07e06) Importer(2089858483,b0f066a214c2f5e87bad3c948f4d605d)
Start importing Assets/MAIN STUFF/3D MODELS/New Animation.anim using Guid(d27ff215b34329a4b87f89b269a07e06) Importer(2089858483,b0f066a214c2f5e87bad3c948f4d605d) (ScriptedImporter) -> (artifact id: '78fcaf3d72688b072990709c4dcf7798') in 0.0129732 seconds
Number of updated asset objects reloaded before import = 0Number of asset objects unloaded after import = 1

========================================================================
Received Import Request.
  Time since last request: 0.000018 seconds.
  path: Assets/MAIN STUFF/SOUNDS/Tybug Studios/Zombie Voice Pack - Free/Zombie Chase
  artifactKey: Guid(3b36347b18cb73a4e9fd607e943dcebf) Importer(2089858483,b0f066a214c2f5e87bad3c948f4d605d)
Start importing Assets/MAIN STUFF/SOUNDS/Tybug Studios/Zombie Voice Pack - Free/Zombie Chase using Guid(3b36347b18cb73a4e9fd607e943dcebf) Importer(2089858483,b0f066a214c2f5e87bad3c948f4d605d) (ScriptedImporter) -> (artifact id: '2ad2cdf55be7b1886c799a8e3815d278') in 0.0038623 seconds
Number of updated asset objects reloaded before import = 0Number of asset objects unloaded after import = 1

========================================================================
Received Import Request.
  Time since last request: 0.000018 seconds.
  path: Assets/MAIN STUFF/TEST STUFF/Materials
  artifactKey: Guid(0e2a4e7e347a862428b023c898b105a9) Importer(2089858483,b0f066a214c2f5e87bad3c948f4d605d)
Start importing Assets/MAIN STUFF/TEST STUFF/Materials using Guid(0e2a4e7e347a862428b023c898b105a9) Importer(2089858483,b0f066a214c2f5e87bad3c948f4d605d) (ScriptedImporter) -> (artifact id: 'ab0a10f02743b9ca11ea378444451a6d') in 0.0038651 seconds
Number of updated asset objects reloaded before import = 0Number of asset objects unloaded after import = 1

========================================================================
Received Import Request.
  Time since last request: 0.000053 seconds.
  path: Assets/MAIN STUFF/SOUNDS/Dreamcore Music/1 LOOP Dreamcore Tone (by juanjo_sound).wav
  artifactKey: Guid(b5bc3721836be8047a3c4865b631ffd3) Importer(2089858483,b0f066a214c2f5e87bad3c948f4d605d)
Start importing Assets/MAIN STUFF/SOUNDS/Dreamcore Music/1 LOOP Dreamcore Tone (by juanjo_sound).wav using Guid(b5bc3721836be8047a3c4865b631ffd3) Importer(2089858483,b0f066a214c2f5e87bad3c948f4d605d) (ScriptedImporter) -> (artifact id: '3d928d627c22999840b0c01e6efc4c68') in 0.0232221 seconds
Number of updated asset objects reloaded before import = 0Number of asset objects unloaded after import = 1

========================================================================
Received Import Request.
  Time since last request: 0.000030 seconds.
  path: Assets/MAIN STUFF/TEST STUFF/Materials/images (2).mat
  artifactKey: Guid(00c49d9e55cd5d74ab3f9792c2eaa9b5) Importer(2089858483,b0f066a214c2f5e87bad3c948f4d605d)
Start importing Assets/MAIN STUFF/TEST STUFF/Materials/images (2).mat using Guid(00c49d9e55cd5d74ab3f9792c2eaa9b5) Importer(2089858483,b0f066a214c2f5e87bad3c948f4d605d) (ScriptedImporter) -> (artifact id: 'a79b8ec5392d9dd1e86df8b393059429') in 0.0073923 seconds
Number of updated asset objects reloaded before import = 0Number of asset objects unloaded after import = 2

========================================================================
Received Import Request.
  Time since last request: 0.000015 seconds.
  path: Assets/MAIN STUFF/SOUNDS/Numb - Ambient Music/LOOP Out There (by juanjo_sound).wav
  artifactKey: Guid(34351f1d0d526624faaeb4a8e296bb26) Importer(2089858483,b0f066a214c2f5e87bad3c948f4d605d)
Start importing Assets/MAIN STUFF/SOUNDS/Numb - Ambient Music/LOOP Out There (by juanjo_sound).wav using Guid(34351f1d0d526624faaeb4a8e296bb26) Importer(2089858483,b0f066a214c2f5e87bad3c948f4d605d) (ScriptedImporter) -> (artifact id: '2a2b1a6a4edd9dd06854d6c525efdb4c') in 0.0256942 seconds
Number of updated asset objects reloaded before import = 0Number of asset objects unloaded after import = 1

========================================================================
Received Import Request.
  Time since last request: 0.000038 seconds.
  path: Assets/MAIN STUFF/SOUNDS/Numb - Ambient Music/LOOP Just One Moment (by juanjo_sound).wav
  artifactKey: Guid(28f50a63fd92aaa46aae3df959b7fd7c) Importer(2089858483,b0f066a214c2f5e87bad3c948f4d605d)
Start importing Assets/MAIN STUFF/SOUNDS/Numb - Ambient Music/LOOP Just One Moment (by juanjo_sound).wav using Guid(28f50a63fd92aaa46aae3df959b7fd7c) Importer(2089858483,b0f066a214c2f5e87bad3c948f4d605d) (ScriptedImporter) -> (artifact id: 'b2b1b64746c545a233574f7952ba86b2') in 0.0221716 seconds
Number of updated asset objects reloaded before import = 0Number of asset objects unloaded after import = 1

========================================================================
Received Import Request.
  Time since last request: 0.000018 seconds.
  path: Assets/MAIN STUFF/SOUNDS/The Backrooms Music Vol. 1/juanjo_ sound - The Poolrooms.wav
  artifactKey: Guid(9de4f8b8eb39b5f49a9e25705e5c0f19) Importer(2089858483,b0f066a214c2f5e87bad3c948f4d605d)
Start importing Assets/MAIN STUFF/SOUNDS/The Backrooms Music Vol. 1/juanjo_ sound - The Poolrooms.wav using Guid(9de4f8b8eb39b5f49a9e25705e5c0f19) Importer(2089858483,b0f066a214c2f5e87bad3c948f4d605d) (ScriptedImporter) -> (artifact id: '8ec226cef487e603b11193338cda1b64') in 0.020945 seconds
Number of updated asset objects reloaded before import = 0Number of asset objects unloaded after import = 1

========================================================================
Received Import Request.
  Time since last request: 0.000061 seconds.
  path: Assets/MAIN STUFF/SOUNDS/Dreamcore Music/6 Dreamcore Purgatory (by juanjo_sound).wav
  artifactKey: Guid(474138198621b484ab694f0af7d2bcef) Importer(2089858483,b0f066a214c2f5e87bad3c948f4d605d)
Start importing Assets/MAIN STUFF/SOUNDS/Dreamcore Music/6 Dreamcore Purgatory (by juanjo_sound).wav using Guid(474138198621b484ab694f0af7d2bcef) Importer(2089858483,b0f066a214c2f5e87bad3c948f4d605d) (ScriptedImporter) -> (artifact id: 'f8e7b3ad13c08ac46a94c58645680f40') in 0.0211834 seconds
Number of updated asset objects reloaded before import = 0Number of asset objects unloaded after import = 1

========================================================================
Received Import Request.
  Time since last request: 0.000044 seconds.
  path: Assets/MAIN STUFF/SOUNDS/Tybug Studios/Zombie Voice Pack - Free/Zombie Moan/zombie_moan_001.wav
  artifactKey: Guid(ceb2474913e8b5e40b17213af473d784) Importer(2089858483,b0f066a214c2f5e87bad3c948f4d605d)
Start importing Assets/MAIN STUFF/SOUNDS/Tybug Studios/Zombie Voice Pack - Free/Zombie Moan/zombie_moan_001.wav using Guid(ceb2474913e8b5e40b17213af473d784) Importer(2089858483,b0f066a214c2f5e87bad3c948f4d605d) (ScriptedImporter) -> (artifact id: 'a7e3346155cbd03058d6e661be8ca534') in 0.0300294 seconds
Number of updated asset objects reloaded before import = 0Number of asset objects unloaded after import = 1

========================================================================
Received Import Request.
  Time since last request: 0.410521 seconds.
  path: Assets/MAIN STUFF/3D MODELS/New Animator Controller.controller
  artifactKey: Guid(dea45a966deab6a40b13df93397fb269) Importer(815301076,1909f56bfc062723c751e8b465ee728b)
Start importing Assets/MAIN STUFF/3D MODELS/New Animator Controller.controller using Guid(dea45a966deab6a40b13df93397fb269) Importer(815301076,1909f56bfc062723c751e8b465ee728b) (PreviewImporter) -> (artifact id: '3d1eace3be9616c1d2fd895ec5b004a2') in 0.0133328 seconds
Number of updated asset objects reloaded before import = 0Number of asset objects unloaded after import = 1

========================================================================
Received Import Request.
  Time since last request: 0.945006 seconds.
  path: Assets/MAIN STUFF/3D MODELS/New Animator Controller.controller
  artifactKey: Guid(dea45a966deab6a40b13df93397fb269) Importer(2089858483,b0f066a214c2f5e87bad3c948f4d605d)
Start importing Assets/MAIN STUFF/3D MODELS/New Animator Controller.controller using Guid(dea45a966deab6a40b13df93397fb269) Importer(2089858483,b0f066a214c2f5e87bad3c948f4d605d) (ScriptedImporter) -> (artifact id: '46e1d43ac8d94ff5fbe90e0f0faca3af') in 0.0057001 seconds
Number of updated asset objects reloaded before import = 0Number of asset objects unloaded after import = 1

========================================================================
Received Prepare
Assembly reference Packages/com.unity.cinemachine/Editor/Samples/ExposeHDRPInternals/HDRP-Editor-ref.asmref has no target assembly definition
Assembly reference Packages/com.unity.cinemachine/Editor/Samples/ExposeHDRPInternals/HDRP-Editor-ref.asmref has no target assembly definition
Begin MonoManager ReloadAssembly
[Licensing::Client] Successfully resolved entitlement details
ADTM: Control thread waiting for realtime thread timed out, have to lock...
- Loaded All Assemblies, in  1.775 seconds
Assembly reference Packages/com.unity.cinemachine/Editor/Samples/ExposeHDRPInternals/HDRP-Editor-ref.asmref has no target assembly definition
'Packages/com.unity.cinemachine/Editor/Obsolete/CinemachineVirtualCameraBaseEditor.cs' contains partial class of Unity.Object, exactly 1 of the partial classes needs to be in a file with the same filename. This is to know the one that can be referenced from ie. GameObjects
'Packages/com.unity.cinemachine/Editor/Editors/CinemachineVirtualCameraBaseEditor.cs' contains partial class of Unity.Object, exactly 1 of the partial classes needs to be in a file with the same filename. This is to know the one that can be referenced from ie. GameObjects
Refreshing native plugins compatible for Editor in 2.44 ms, found 3 plugins.
Native extension for WindowsStandalone target not found
Native extension for OSXStandalone target not found
Assembly reference Packages/com.unity.cinemachine/Editor/Samples/ExposeHDRPInternals/HDRP-Editor-ref.asmref has no target assembly definition
[Package Manager] Failed to launch server process. Reason: Unity was launched with the -noUpm command-line argument
[Package Manager] Unable to send message (not connected to server process).
[Package Manager] Cannot connect to Unity Package Manager local server
[Package Manager] Failed to launch server process. Reason: Unity was launched with the -noUpm command-line argument
[Package Manager] Unable to send message (not connected to server process).
[Package Manager] Cannot connect to Unity Package Manager local server
ScheduleIndexationOnStartup MainProcess:False IndexOnStartup:True
Mono: successfully reloaded assembly
- Finished resetting the current domain, in  0.592 seconds
Domain Reload Profiling: 2352ms
	BeginReloadAssembly (1231ms)
		ExecutionOrderSort (0ms)
		DisableScriptedObjects (4ms)
		BackupInstance (0ms)
		ReleaseScriptingObjects (0ms)
		CreateAndSetChildDomain (1054ms)
	RebuildCommonClasses (33ms)
	RebuildNativeTypeToScriptingClass (11ms)
	initialDomainReloadingComplete (44ms)
	LoadAllAssembliesAndSetupDomain (442ms)
		LoadAssemblies (411ms)
		RebuildTransferFunctionScriptingTraits (0ms)
		AnalyzeDomain (147ms)
			TypeCache.Refresh (5ms)
				TypeCache.ScanAssembly (0ms)
			BuildScriptInfoCaches (132ms)
			ResolveRequiredComponents (6ms)
	FinalizeReload (593ms)
		ReleaseScriptCaches (0ms)
		RebuildScriptCaches (0ms)
		SetupLoadedEditorAssemblies (481ms)
			LogAssemblyErrors (0ms)
			InitializePlatformSupportModulesInManaged (3ms)
			SetLoadedEditorAssemblies (4ms)
			BeforeProcessingInitializeOnLoad (150ms)
			ProcessInitializeOnLoadAttributes (268ms)
			ProcessInitializeOnLoadMethodAttributes (31ms)
			AfterProcessingInitializeOnLoad (24ms)
			EditorAssembliesLoaded (0ms)
		ExecutionOrderSort2 (0ms)
		AwakeInstancesAfterBackupRestoration (5ms)
Refreshing native plugins compatible for Editor in 2.07 ms, found 3 plugins.
Preloading 0 native plugins for Editor in 0.00 ms.
Unloading 1 Unused Serialized files (Serialized files now loaded: 0)
Unloading 4499 unused Assets / (1.4 MB). Loaded Objects now: 5165.
Memory consumption went from 107.7 MB to 106.3 MB.
Total: 6.310700 ms (FindLiveObjects: 0.500400 ms CreateObjectMapping: 0.307400 ms MarkObjects: 4.284200 ms  DeleteObjects: 1.218100 ms)

Prepare: number of updated asset objects reloaded= 0
========================================================================
Received Prepare
Assembly reference Packages/com.unity.cinemachine/Editor/Samples/ExposeHDRPInternals/HDRP-Editor-ref.asmref has no target assembly definition
Assembly reference Packages/com.unity.cinemachine/Editor/Samples/ExposeHDRPInternals/HDRP-Editor-ref.asmref has no target assembly definition
Begin MonoManager ReloadAssembly
ADTM: Control thread waiting for realtime thread timed out, have to lock...
- Loaded All Assemblies, in  1.765 seconds
Assembly reference Packages/com.unity.cinemachine/Editor/Samples/ExposeHDRPInternals/HDRP-Editor-ref.asmref has no target assembly definition
'Packages/com.unity.cinemachine/Editor/Obsolete/CinemachineVirtualCameraBaseEditor.cs' contains partial class of Unity.Object, exactly 1 of the partial classes needs to be in a file with the same filename. This is to know the one that can be referenced from ie. GameObjects
'Packages/com.unity.cinemachine/Editor/Editors/CinemachineVirtualCameraBaseEditor.cs' contains partial class of Unity.Object, exactly 1 of the partial classes needs to be in a file with the same filename. This is to know the one that can be referenced from ie. GameObjects
Refreshing native plugins compatible for Editor in 1.89 ms, found 3 plugins.
Native extension for WindowsStandalone target not found
Native extension for OSXStandalone target not found
Assembly reference Packages/com.unity.cinemachine/Editor/Samples/ExposeHDRPInternals/HDRP-Editor-ref.asmref has no target assembly definition
[Package Manager] Failed to launch server process. Reason: Unity was launched with the -noUpm command-line argument
[Package Manager] Unable to send message (not connected to server process).
[Package Manager] Cannot connect to Unity Package Manager local server
[Package Manager] Failed to launch server process. Reason: Unity was launched with the -noUpm command-line argument
[Package Manager] Unable to send message (not connected to server process).
[Package Manager] Cannot connect to Unity Package Manager local server
ScheduleIndexationOnStartup MainProcess:False IndexOnStartup:True
Mono: successfully reloaded assembly
- Finished resetting the current domain, in  0.580 seconds
Domain Reload Profiling: 2333ms
	BeginReloadAssembly (1234ms)
		ExecutionOrderSort (0ms)
		DisableScriptedObjects (4ms)
		BackupInstance (0ms)
		ReleaseScriptingObjects (0ms)
		CreateAndSetChildDomain (1056ms)
	RebuildCommonClasses (37ms)
	RebuildNativeTypeToScriptingClass (11ms)
	initialDomainReloadingComplete (43ms)
	LoadAllAssembliesAndSetupDomain (427ms)
		LoadAssemblies (408ms)
		RebuildTransferFunctionScriptingTraits (0ms)
		AnalyzeDomain (141ms)
			TypeCache.Refresh (4ms)
				TypeCache.ScanAssembly (0ms)
			BuildScriptInfoCaches (128ms)
			ResolveRequiredComponents (5ms)
	FinalizeReload (580ms)
		ReleaseScriptCaches (0ms)
		RebuildScriptCaches (0ms)
		SetupLoadedEditorAssemblies (468ms)
			LogAssemblyErrors (0ms)
			InitializePlatformSupportModulesInManaged (3ms)
			SetLoadedEditorAssemblies (4ms)
			BeforeProcessingInitializeOnLoad (146ms)
			ProcessInitializeOnLoadAttributes (260ms)
			ProcessInitializeOnLoadMethodAttributes (31ms)
			AfterProcessingInitializeOnLoad (24ms)
			EditorAssembliesLoaded (0ms)
		ExecutionOrderSort2 (0ms)
		AwakeInstancesAfterBackupRestoration (5ms)
Refreshing native plugins compatible for Editor in 1.90 ms, found 3 plugins.
Preloading 0 native plugins for Editor in 0.00 ms.
Unloading 1 Unused Serialized files (Serialized files now loaded: 0)
Unloading 4499 unused Assets / (1.4 MB). Loaded Objects now: 5166.
Memory consumption went from 107.7 MB to 106.3 MB.
Total: 6.724500 ms (FindLiveObjects: 0.478900 ms CreateObjectMapping: 0.377800 ms MarkObjects: 4.693200 ms  DeleteObjects: 1.173300 ms)

Prepare: number of updated asset objects reloaded= 0
========================================================================
Received Import Request.
  Time since last request: 290.618780 seconds.
  path: Assets/MAIN STUFF/3D MODELS/MCmodelTXT@Crouched Walking (1).fbx
  artifactKey: Guid(539eae6d7709d784187b4b084280970b) Importer(815301076,1909f56bfc062723c751e8b465ee728b)
Start importing Assets/MAIN STUFF/3D MODELS/MCmodelTXT@Crouched Walking (1).fbx using Guid(539eae6d7709d784187b4b084280970b) Importer(815301076,1909f56bfc062723c751e8b465ee728b) (PreviewImporter) -> (artifact id: 'ef26ba96e5d87b90c3c841fc243897d5') in 0.1571117 seconds
Number of updated asset objects reloaded before import = 0Number of asset objects unloaded after import = 120

========================================================================
Received Prepare
Assembly reference Packages/com.unity.cinemachine/Editor/Samples/ExposeHDRPInternals/HDRP-Editor-ref.asmref has no target assembly definition
Assembly reference Packages/com.unity.cinemachine/Editor/Samples/ExposeHDRPInternals/HDRP-Editor-ref.asmref has no target assembly definition
Begin MonoManager ReloadAssembly
[Licensing::Client] Successfully resolved entitlement details
ADTM: Control thread waiting for realtime thread timed out, have to lock...
- Loaded All Assemblies, in  1.745 seconds
Assembly reference Packages/com.unity.cinemachine/Editor/Samples/ExposeHDRPInternals/HDRP-Editor-ref.asmref has no target assembly definition
'Packages/com.unity.cinemachine/Editor/Obsolete/CinemachineVirtualCameraBaseEditor.cs' contains partial class of Unity.Object, exactly 1 of the partial classes needs to be in a file with the same filename. This is to know the one that can be referenced from ie. GameObjects
'Packages/com.unity.cinemachine/Editor/Editors/CinemachineVirtualCameraBaseEditor.cs' contains partial class of Unity.Object, exactly 1 of the partial classes needs to be in a file with the same filename. This is to know the one that can be referenced from ie. GameObjects
Refreshing native plugins compatible for Editor in 2.04 ms, found 3 plugins.
Native extension for WindowsStandalone target not found
Native extension for OSXStandalone target not found
Assembly reference Packages/com.unity.cinemachine/Editor/Samples/ExposeHDRPInternals/HDRP-Editor-ref.asmref has no target assembly definition
[Package Manager] Failed to launch server process. Reason: Unity was launched with the -noUpm command-line argument
[Package Manager] Unable to send message (not connected to server process).
[Package Manager] Cannot connect to Unity Package Manager local server
[Package Manager] Failed to launch server process. Reason: Unity was launched with the -noUpm command-line argument
[Package Manager] Unable to send message (not connected to server process).
[Package Manager] Cannot connect to Unity Package Manager local server
ScheduleIndexationOnStartup MainProcess:False IndexOnStartup:True
Mono: successfully reloaded assembly
- Finished resetting the current domain, in  0.574 seconds
Domain Reload Profiling: 2307ms
	BeginReloadAssembly (1225ms)
		ExecutionOrderSort (0ms)
		DisableScriptedObjects (4ms)
		BackupInstance (0ms)
		ReleaseScriptingObjects (0ms)
		CreateAndSetChildDomain (1055ms)
	RebuildCommonClasses (35ms)
	RebuildNativeTypeToScriptingClass (11ms)
	initialDomainReloadingComplete (42ms)
	LoadAllAssembliesAndSetupDomain (420ms)
		LoadAssemblies (399ms)
		RebuildTransferFunctionScriptingTraits (0ms)
		AnalyzeDomain (135ms)
			TypeCache.Refresh (4ms)
				TypeCache.ScanAssembly (0ms)
			BuildScriptInfoCaches (122ms)
			ResolveRequiredComponents (5ms)
	FinalizeReload (574ms)
		ReleaseScriptCaches (0ms)
		RebuildScriptCaches (0ms)
		SetupLoadedEditorAssemblies (468ms)
			LogAssemblyErrors (0ms)
			InitializePlatformSupportModulesInManaged (3ms)
			SetLoadedEditorAssemblies (4ms)
			BeforeProcessingInitializeOnLoad (144ms)
			ProcessInitializeOnLoadAttributes (258ms)
			ProcessInitializeOnLoadMethodAttributes (34ms)
			AfterProcessingInitializeOnLoad (25ms)
			EditorAssembliesLoaded (0ms)
		ExecutionOrderSort2 (0ms)
		AwakeInstancesAfterBackupRestoration (5ms)
Refreshing native plugins compatible for Editor in 1.93 ms, found 3 plugins.
Preloading 0 native plugins for Editor in 0.00 ms.
Unloading 1 Unused Serialized files (Serialized files now loaded: 0)
Unloading 4499 unused Assets / (1.6 MB). Loaded Objects now: 5167.
Memory consumption went from 107.7 MB to 106.1 MB.
Total: 7.320600 ms (FindLiveObjects: 0.466400 ms CreateObjectMapping: 0.337300 ms MarkObjects: 4.932600 ms  DeleteObjects: 1.583300 ms)

Prepare: number of updated asset objects reloaded= 0
========================================================================
Received Import Request.
  Time since last request: 18.051389 seconds.
  path: Assets/MAIN STUFF/3D MODELS/MCmodelTXT@Crouched Walking (1).fbx
  artifactKey: Guid(539eae6d7709d784187b4b084280970b) Importer(815301076,1909f56bfc062723c751e8b465ee728b)
Start importing Assets/MAIN STUFF/3D MODELS/MCmodelTXT@Crouched Walking (1).fbx using Guid(539eae6d7709d784187b4b084280970b) Importer(815301076,1909f56bfc062723c751e8b465ee728b) (PreviewImporter) -> (artifact id: '0b289851c6b2228303edc75f2bb5a994') in 0.1619534 seconds
Number of updated asset objects reloaded before import = 0Number of asset objects unloaded after import = 120

========================================================================
Received Prepare
Assembly reference Packages/com.unity.cinemachine/Editor/Samples/ExposeHDRPInternals/HDRP-Editor-ref.asmref has no target assembly definition
Assembly reference Packages/com.unity.cinemachine/Editor/Samples/ExposeHDRPInternals/HDRP-Editor-ref.asmref has no target assembly definition
Begin MonoManager ReloadAssembly
ADTM: Control thread waiting for realtime thread timed out, have to lock...
- Loaded All Assemblies, in  1.768 seconds
Assembly reference Packages/com.unity.cinemachine/Editor/Samples/ExposeHDRPInternals/HDRP-Editor-ref.asmref has no target assembly definition
'Packages/com.unity.cinemachine/Editor/Obsolete/CinemachineVirtualCameraBaseEditor.cs' contains partial class of Unity.Object, exactly 1 of the partial classes needs to be in a file with the same filename. This is to know the one that can be referenced from ie. GameObjects
'Packages/com.unity.cinemachine/Editor/Editors/CinemachineVirtualCameraBaseEditor.cs' contains partial class of Unity.Object, exactly 1 of the partial classes needs to be in a file with the same filename. This is to know the one that can be referenced from ie. GameObjects
Refreshing native plugins compatible for Editor in 1.87 ms, found 3 plugins.
Native extension for WindowsStandalone target not found
Native extension for OSXStandalone target not found
Assembly reference Packages/com.unity.cinemachine/Editor/Samples/ExposeHDRPInternals/HDRP-Editor-ref.asmref has no target assembly definition
[Package Manager] Failed to launch server process. Reason: Unity was launched with the -noUpm command-line argument
[Package Manager] Unable to send message (not connected to server process).
[Package Manager] Cannot connect to Unity Package Manager local server
[Package Manager] Failed to launch server process. Reason: Unity was launched with the -noUpm command-line argument
[Package Manager] Unable to send message (not connected to server process).
[Package Manager] Cannot connect to Unity Package Manager local server
ScheduleIndexationOnStartup MainProcess:False IndexOnStartup:True
Mono: successfully reloaded assembly
- Finished resetting the current domain, in  0.577 seconds
Domain Reload Profiling: 2332ms
	BeginReloadAssembly (1238ms)
		ExecutionOrderSort (0ms)
		DisableScriptedObjects (3ms)
		BackupInstance (0ms)
		ReleaseScriptingObjects (0ms)
		CreateAndSetChildDomain (1052ms)
	RebuildCommonClasses (36ms)
	RebuildNativeTypeToScriptingClass (12ms)
	initialDomainReloadingComplete (43ms)
	LoadAllAssembliesAndSetupDomain (425ms)
		LoadAssemblies (416ms)
		RebuildTransferFunctionScriptingTraits (0ms)
		AnalyzeDomain (139ms)
			TypeCache.Refresh (4ms)
				TypeCache.ScanAssembly (0ms)
			BuildScriptInfoCaches (127ms)
			ResolveRequiredComponents (5ms)
	FinalizeReload (577ms)
		ReleaseScriptCaches (0ms)
		RebuildScriptCaches (0ms)
		SetupLoadedEditorAssemblies (470ms)
			LogAssemblyErrors (0ms)
			InitializePlatformSupportModulesInManaged (3ms)
			SetLoadedEditorAssemblies (3ms)
			BeforeProcessingInitializeOnLoad (142ms)
			ProcessInitializeOnLoadAttributes (264ms)
			ProcessInitializeOnLoadMethodAttributes (33ms)
			AfterProcessingInitializeOnLoad (25ms)
			EditorAssembliesLoaded (0ms)
		ExecutionOrderSort2 (0ms)
		AwakeInstancesAfterBackupRestoration (5ms)
Refreshing native plugins compatible for Editor in 1.93 ms, found 3 plugins.
Preloading 0 native plugins for Editor in 0.00 ms.
Unloading 1 Unused Serialized files (Serialized files now loaded: 0)
Unloading 4499 unused Assets / (1.3 MB). Loaded Objects now: 5168.
Memory consumption went from 107.7 MB to 106.4 MB.
Total: 6.517500 ms (FindLiveObjects: 0.527300 ms CreateObjectMapping: 0.377200 ms MarkObjects: 4.484500 ms  DeleteObjects: 1.127500 ms)

Prepare: number of updated asset objects reloaded= 0
========================================================================
Received Prepare
Assembly reference Packages/com.unity.cinemachine/Editor/Samples/ExposeHDRPInternals/HDRP-Editor-ref.asmref has no target assembly definition
Assembly reference Packages/com.unity.cinemachine/Editor/Samples/ExposeHDRPInternals/HDRP-Editor-ref.asmref has no target assembly definition
Begin MonoManager ReloadAssembly
[Licensing::Client] Successfully resolved entitlement details
ADTM: Control thread waiting for realtime thread timed out, have to lock...
- Loaded All Assemblies, in  1.759 seconds
Assembly reference Packages/com.unity.cinemachine/Editor/Samples/ExposeHDRPInternals/HDRP-Editor-ref.asmref has no target assembly definition
'Packages/com.unity.cinemachine/Editor/Obsolete/CinemachineVirtualCameraBaseEditor.cs' contains partial class of Unity.Object, exactly 1 of the partial classes needs to be in a file with the same filename. This is to know the one that can be referenced from ie. GameObjects
'Packages/com.unity.cinemachine/Editor/Editors/CinemachineVirtualCameraBaseEditor.cs' contains partial class of Unity.Object, exactly 1 of the partial classes needs to be in a file with the same filename. This is to know the one that can be referenced from ie. GameObjects
Refreshing native plugins compatible for Editor in 1.85 ms, found 3 plugins.
Native extension for WindowsStandalone target not found
Native extension for OSXStandalone target not found
Assembly reference Packages/com.unity.cinemachine/Editor/Samples/ExposeHDRPInternals/HDRP-Editor-ref.asmref has no target assembly definition
[Package Manager] Failed to launch server process. Reason: Unity was launched with the -noUpm command-line argument
[Package Manager] Unable to send message (not connected to server process).
[Package Manager] Cannot connect to Unity Package Manager local server
[Package Manager] Failed to launch server process. Reason: Unity was launched with the -noUpm command-line argument
[Package Manager] Unable to send message (not connected to server process).
[Package Manager] Cannot connect to Unity Package Manager local server
ScheduleIndexationOnStartup MainProcess:False IndexOnStartup:True
Mono: successfully reloaded assembly
- Finished resetting the current domain, in  0.611 seconds
Domain Reload Profiling: 2356ms
	BeginReloadAssembly (1232ms)
		ExecutionOrderSort (0ms)
		DisableScriptedObjects (4ms)
		BackupInstance (0ms)
		ReleaseScriptingObjects (0ms)
		CreateAndSetChildDomain (1055ms)
	RebuildCommonClasses (33ms)
	RebuildNativeTypeToScriptingClass (11ms)
	initialDomainReloadingComplete (43ms)
	LoadAllAssembliesAndSetupDomain (426ms)
		LoadAssemblies (405ms)
		RebuildTransferFunctionScriptingTraits (0ms)
		AnalyzeDomain (139ms)
			TypeCache.Refresh (4ms)
				TypeCache.ScanAssembly (0ms)
			BuildScriptInfoCaches (125ms)
			ResolveRequiredComponents (6ms)
	FinalizeReload (611ms)
		ReleaseScriptCaches (0ms)
		RebuildScriptCaches (0ms)
		SetupLoadedEditorAssemblies (504ms)
			LogAssemblyErrors (0ms)
			InitializePlatformSupportModulesInManaged (3ms)
			SetLoadedEditorAssemblies (4ms)
			BeforeProcessingInitializeOnLoad (149ms)
			ProcessInitializeOnLoadAttributes (284ms)
			ProcessInitializeOnLoadMethodAttributes (35ms)
			AfterProcessingInitializeOnLoad (29ms)
			EditorAssembliesLoaded (0ms)
		ExecutionOrderSort2 (0ms)
		AwakeInstancesAfterBackupRestoration (6ms)
Refreshing native plugins compatible for Editor in 2.20 ms, found 3 plugins.
Preloading 0 native plugins for Editor in 0.00 ms.
Unloading 1 Unused Serialized files (Serialized files now loaded: 0)
Unloading 4499 unused Assets / (1.3 MB). Loaded Objects now: 5169.
Memory consumption went from 107.7 MB to 106.4 MB.
Total: 6.982600 ms (FindLiveObjects: 0.464300 ms CreateObjectMapping: 0.361300 ms MarkObjects: 5.067800 ms  DeleteObjects: 1.088100 ms)

Prepare: number of updated asset objects reloaded= 0
========================================================================
Received Import Request.
  Time since last request: 415.927154 seconds.
  path: Assets/VNB - Office Set/Prefabs/Office/paper_file_custom.prefab
  artifactKey: Guid(409a59359549aef418ba80e0b2e0056a) Importer(815301076,1909f56bfc062723c751e8b465ee728b)
Start importing Assets/VNB - Office Set/Prefabs/Office/paper_file_custom.prefab using Guid(409a59359549aef418ba80e0b2e0056a) Importer(815301076,1909f56bfc062723c751e8b465ee728b) (PreviewImporter) -> (artifact id: 'b946db72683f7cf1b05958b6db6fda79') in 0.0785488 seconds
Number of updated asset objects reloaded before import = 0Number of asset objects unloaded after import = 12

========================================================================
Received Import Request.
  Time since last request: 0.000024 seconds.
  path: Assets/VNB - Office Set/Prefabs/Office/pencil_holder.prefab
  artifactKey: Guid(27e85d63cb9b30b4d9acc2497f67048b) Importer(815301076,1909f56bfc062723c751e8b465ee728b)
Start importing Assets/VNB - Office Set/Prefabs/Office/pencil_holder.prefab using Guid(27e85d63cb9b30b4d9acc2497f67048b) Importer(815301076,1909f56bfc062723c751e8b465ee728b) (PreviewImporter) -> (artifact id: 'cecfb9260429e4b16c2a88656c037736') in 0.0104135 seconds
Number of updated asset objects reloaded before import = 0Number of asset objects unloaded after import = 71

========================================================================
Received Import Request.
  Time since last request: 0.000042 seconds.
  path: Assets/VNB - Office Set/Prefabs/Office/pencil.prefab
  artifactKey: Guid(278afbdd3ce480e469c9a7e554181867) Importer(815301076,1909f56bfc062723c751e8b465ee728b)
Start importing Assets/VNB - Office Set/Prefabs/Office/pencil.prefab using Guid(278afbdd3ce480e469c9a7e554181867) Importer(815301076,1909f56bfc062723c751e8b465ee728b) (PreviewImporter) -> (artifact id: '2b96a6bff591a3d740f02798bc75a48e') in 0.0087162 seconds
Number of updated asset objects reloaded before import = 0Number of asset objects unloaded after import = 10

========================================================================
Received Import Request.
  Time since last request: 0.000017 seconds.
  path: Assets/VNB - Office Set/Prefabs/Office/paper_stray_alt.prefab
  artifactKey: Guid(ab4c001269ce71c4b91a2b67970392ef) Importer(815301076,1909f56bfc062723c751e8b465ee728b)
Start importing Assets/VNB - Office Set/Prefabs/Office/paper_stray_alt.prefab using Guid(ab4c001269ce71c4b91a2b67970392ef) Importer(815301076,1909f56bfc062723c751e8b465ee728b) (PreviewImporter) -> (artifact id: '9ee461e761a396d9085d94e67d3d4223') in 0.0125943 seconds
Number of updated asset objects reloaded before import = 0Number of asset objects unloaded after import = 43

========================================================================
Received Import Request.
  Time since last request: 0.000017 seconds.
  path: Assets/VNB - Office Set/Prefabs/Office/pen.prefab
  artifactKey: Guid(70c33ed0e42f73842a088229422b1b40) Importer(815301076,1909f56bfc062723c751e8b465ee728b)
Start importing Assets/VNB - Office Set/Prefabs/Office/pen.prefab using Guid(70c33ed0e42f73842a088229422b1b40) Importer(815301076,1909f56bfc062723c751e8b465ee728b) (PreviewImporter) -> (artifact id: '2f63112287a3c1d479e9877f6c9818c3') in 0.0114603 seconds
Number of updated asset objects reloaded before import = 0Number of asset objects unloaded after import = 10

========================================================================
Received Import Request.
  Time since last request: 3.582314 seconds.
  path: Assets/VNB - Office Set/Prefabs/Office/pile_of_paper_alt_b.prefab
  artifactKey: Guid(1a665596c035d1644a00269a3765301e) Importer(815301076,1909f56bfc062723c751e8b465ee728b)
Start importing Assets/VNB - Office Set/Prefabs/Office/pile_of_paper_alt_b.prefab using Guid(1a665596c035d1644a00269a3765301e) Importer(815301076,1909f56bfc062723c751e8b465ee728b) (PreviewImporter) -> (artifact id: 'ec6774b0806a3c69d98fd66e25655fcb') in 0.0086871 seconds
Number of updated asset objects reloaded before import = 0Number of asset objects unloaded after import = 10

========================================================================
Received Import Request.
  Time since last request: 0.000017 seconds.
  path: Assets/VNB - Office Set/Prefabs/Office/pile_of_paper_small.prefab
  artifactKey: Guid(8e84ca73543071240ba2039c509d539c) Importer(815301076,1909f56bfc062723c751e8b465ee728b)
Start importing Assets/VNB - Office Set/Prefabs/Office/pile_of_paper_small.prefab using Guid(8e84ca73543071240ba2039c509d539c) Importer(815301076,1909f56bfc062723c751e8b465ee728b) (PreviewImporter) -> (artifact id: 'f2e6facaacee9c12a16e78579aadc785') in 0.0085759 seconds
Number of updated asset objects reloaded before import = 0Number of asset objects unloaded after import = 10

========================================================================
Received Import Request.
  Time since last request: 0.000018 seconds.
  path: Assets/VNB - Office Set/Prefabs/Office/simple_desk.prefab
  artifactKey: Guid(db25d2b389bb0f8478e7e515c8f76426) Importer(815301076,1909f56bfc062723c751e8b465ee728b)
Start importing Assets/VNB - Office Set/Prefabs/Office/simple_desk.prefab using Guid(db25d2b389bb0f8478e7e515c8f76426) Importer(815301076,1909f56bfc062723c751e8b465ee728b) (PreviewImporter) -> (artifact id: '215e8e5d9af4ca0acedc1e418a298c27') in 0.0087164 seconds
Number of updated asset objects reloaded before import = 0Number of asset objects unloaded after import = 21

========================================================================
Received Import Request.
  Time since last request: 0.000015 seconds.
  path: Assets/VNB - Office Set/Prefabs/Office/simple_office_chair_variant.prefab
  artifactKey: Guid(555776743ab31da46822e12ac74c2e88) Importer(815301076,1909f56bfc062723c751e8b465ee728b)
Start importing Assets/VNB - Office Set/Prefabs/Office/simple_office_chair_variant.prefab using Guid(555776743ab31da46822e12ac74c2e88) Importer(815301076,1909f56bfc062723c751e8b465ee728b) (PreviewImporter) -> (artifact id: '6471f1154a1ce4173461a648b7447952') in 0.0103144 seconds
Number of updated asset objects reloaded before import = 0Number of asset objects unloaded after import = 85

========================================================================
Received Import Request.
  Time since last request: 0.042341 seconds.
  path: Assets/VNB - Office Set/Prefabs/Office/stapler.prefab
  artifactKey: Guid(9334802947a112d489eb0ad702ab585a) Importer(815301076,1909f56bfc062723c751e8b465ee728b)
Start importing Assets/VNB - Office Set/Prefabs/Office/stapler.prefab using Guid(9334802947a112d489eb0ad702ab585a) Importer(815301076,1909f56bfc062723c751e8b465ee728b) (PreviewImporter) -> (artifact id: '39a746de66d60d0dea88f3024e78c726') in 0.0099592 seconds
Number of updated asset objects reloaded before import = 0Number of asset objects unloaded after import = 10

Editor requested this worker to shutdown with reason: Scaling down because of idle timeout
AssetImportWorker is now disconnected from the server
Process exiting
Exiting without the bug reporter. Application will terminate with return code 0